title,releaseYear,director,genre,runtimeMinutes,language,watched,personalRating,filePath,notes
The Shawshank Redemption,1994,Frank Darabont,Drama,142,Unknown,false,,/movies/imdb/tt0111161.mkv,"IMDb popularity rank #1 by vote count; IMDb rating 9.3 from 3,229,564 votes; IMDb ID tt0111161. Information courtesy of IMDb (https://www.imdb.com). Used with permission."
The Dark Knight,2008,Christopher Nolan,Crime / Thriller,152,Unknown,false,,/movies/imdb/tt0468569.mkv,"IMDb popularity rank #2 by vote count; IMDb rating 9.1 from 3,217,886 votes; IMDb ID tt0468569. Information courtesy of IMDb (https://www.imdb.com). Used with permission."
Inception,2010,Christopher Nolan,Adventure / Sci-Fi / Thriller,148,Unknown,false,,/movies/imdb/tt1375666.mkv,"IMDb popularity rank #3 by vote count; IMDb rating 8.8 from 2,860,750 votes; IMDb ID tt1375666. Information courtesy of IMDb (https://www.imdb.com). Used with permission."
Fight Club,1999,David Fincher,Crime / Drama / Thriller,139,Unknown,false,,/movies/imdb/tt0137523.mkv,"IMDb popularity rank #4 by vote count; IMDb rating 8.8 from 2,653,162 votes; IMDb ID tt0137523. Information courtesy of IMDb (https://www.imdb.com). Used with permission."
Interstellar,2014,Christopher Nolan,Adventure / Drama / Sci-Fi,169,Unknown,false,,/movies/imdb/tt0816692.mkv,"IMDb popularity rank #5 by vote count; IMDb rating 8.7 from 2,596,027 votes; IMDb ID tt0816692. Information courtesy of IMDb (https://www.imdb.com). Used with permission."
Forrest Gump,1994,Robert Zemeckis,Drama / Romance,142,Unknown,false,,/movies/imdb/tt0109830.mkv,"IMDb popularity rank #6 by vote count; IMDb rating 8.8 from 2,528,426 votes; IMDb ID tt0109830. Information courtesy of IMDb (https://www.imdb.com). Used with permission."
Pulp Fiction,1994,Quentin Tarantino,Crime / Drama,154,Unknown,false,,/movies/imdb/tt0110912.mkv,"IMDb popularity rank #7 by vote count; IMDb rating 8.8 from 2,462,083 votes; IMDb ID tt0110912. Information courtesy of IMDb (https://www.imdb.com). Used with permission."
The Matrix,1999,Lana Wachowski / Lilly Wachowski,Action / Sci-Fi,136,Unknown,false,,/movies/imdb/tt0133093.mkv,"IMDb popularity rank #8 by vote count; IMDb rating 8.7 from 2,272,726 votes; IMDb ID tt0133093. Information courtesy of IMDb (https://www.imdb.com). Used with permission."
The Godfather,1972,Francis Ford Coppola,Crime / Drama,175,Unknown,false,,/movies/imdb/tt0068646.mkv,"IMDb popularity rank #9 by vote count; IMDb rating 9.2 from 2,250,732 votes; IMDb ID tt0068646. Information courtesy of IMDb (https://www.imdb.com). Used with permission."
The Lord of the Rings: The Fellowship of the Ring,2001,Peter Jackson,Adventure / Drama / Fantasy,178,Unknown,false,,/movies/imdb/tt0120737.mkv,"IMDb popularity rank #10 by vote count; IMDb rating 8.9 from 2,231,628 votes; IMDb ID tt0120737. Information courtesy of IMDb (https://www.imdb.com). Used with permission."
The Lord of the Rings: The Return of the King,2003,Peter Jackson,Adventure / Drama / Fantasy,201,Unknown,false,,/movies/imdb/tt0167260.mkv,"IMDb popularity rank #11 by vote count; IMDb rating 9 from 2,188,114 votes; IMDb ID tt0167260. Information courtesy of IMDb (https://www.imdb.com). Used with permission."
Seven,1995,David Fincher,Crime / Drama / Mystery,127,Unknown,false,,/movies/imdb/tt0114369.mkv,"IMDb popularity rank #12 by vote count; IMDb rating 8.6 from 2,052,728 votes; IMDb ID tt0114369. Information courtesy of IMDb (https://www.imdb.com). Used with permission."
The Dark Knight Rises,2012,Christopher Nolan,Crime / Thriller,164,Unknown,false,,/movies/imdb/tt1345836.mkv,"IMDb popularity rank #13 by vote count; IMDb rating 8.4 from 2,022,836 votes; IMDb ID tt1345836. Information courtesy of IMDb (https://www.imdb.com). Used with permission."
The Lord of the Rings: The Two Towers,2002,Peter Jackson,Adventure / Drama / Fantasy,179,Unknown,false,,/movies/imdb/tt0167261.mkv,"IMDb popularity rank #14 by vote count; IMDb rating 8.8 from 1,979,232 votes; IMDb ID tt0167261. Information courtesy of IMDb (https://www.imdb.com). Used with permission."
Django Unchained,2012,Quentin Tarantino,Drama / Western,165,Unknown,false,,/movies/imdb/tt1853728.mkv,"IMDb popularity rank #15 by vote count; IMDb rating 8.5 from 1,908,613 votes; IMDb ID tt1853728. Information courtesy of IMDb (https://www.imdb.com). Used with permission."
Gladiator,2000,Ridley Scott,Action / Adventure / Drama,155,Unknown,false,,/movies/imdb/tt0172495.mkv,"IMDb popularity rank #16 by vote count; IMDb rating 8.5 from 1,876,603 votes; IMDb ID tt0172495. Information courtesy of IMDb (https://www.imdb.com). Used with permission."
The Wolf of Wall Street,2013,Martin Scorsese,Biography / Comedy / Crime,180,Unknown,false,,/movies/imdb/tt0993846.mkv,"IMDb popularity rank #17 by vote count; IMDb rating 8.2 from 1,820,050 votes; IMDb ID tt0993846. Information courtesy of IMDb (https://www.imdb.com). Used with permission."
Inglourious Basterds,2009,Quentin Tarantino,Drama / War,153,Unknown,false,,/movies/imdb/tt0361748.mkv,"IMDb popularity rank #18 by vote count; IMDb rating 8.4 from 1,813,203 votes; IMDb ID tt0361748. Information courtesy of IMDb (https://www.imdb.com). Used with permission."
The Silence of the Lambs,1991,Jonathan Demme,Crime / Drama / Horror,118,Unknown,false,,/movies/imdb/tt0102926.mkv,"IMDb popularity rank #19 by vote count; IMDb rating 8.6 from 1,744,478 votes; IMDb ID tt0102926. Information courtesy of IMDb (https://www.imdb.com). Used with permission."
Batman Begins,2005,Christopher Nolan,Crime,140,Unknown,false,,/movies/imdb/tt0372784.mkv,"IMDb popularity rank #20 by vote count; IMDb rating 8.2 from 1,740,003 votes; IMDb ID tt0372784. Information courtesy of IMDb (https://www.imdb.com). Used with permission."
Joker,2019,Todd Phillips,Drama,122,Unknown,false,,/movies/imdb/tt7286456.mkv,"IMDb popularity rank #21 by vote count; IMDb rating 8.3 from 1,720,797 votes; IMDb ID tt7286456. Information courtesy of IMDb (https://www.imdb.com). Used with permission."
Shutter Island,2010,Martin Scorsese,Mystery / Thriller,138,Unknown,false,,/movies/imdb/tt1130884.mkv,"IMDb popularity rank #22 by vote count; IMDb rating 8.2 from 1,677,873 votes; IMDb ID tt1130884. Information courtesy of IMDb (https://www.imdb.com). Used with permission."
Saving Private Ryan,1998,Steven Spielberg,Drama / War,169,Unknown,false,,/movies/imdb/tt0120815.mkv,"IMDb popularity rank #23 by vote count; IMDb rating 8.6 from 1,658,455 votes; IMDb ID tt0120815. Information courtesy of IMDb (https://www.imdb.com). Used with permission."
The Prestige,2006,Christopher Nolan,Drama / Mystery / Sci-Fi,130,Unknown,false,,/movies/imdb/tt0482571.mkv,"IMDb popularity rank #24 by vote count; IMDb rating 8.5 from 1,619,986 votes; IMDb ID tt0482571. Information courtesy of IMDb (https://www.imdb.com). Used with permission."
Schindler's List,1993,Steven Spielberg,Biography / Drama / History,196,Unknown,false,,/movies/imdb/tt0108052.mkv,"IMDb popularity rank #25 by vote count; IMDb rating 9 from 1,599,880 votes; IMDb ID tt0108052. Information courtesy of IMDb (https://www.imdb.com). Used with permission."
Star Wars: Episode IV - A New Hope,1977,George Lucas,Action / Adventure / Fantasy,121,Unknown,false,,/movies/imdb/tt0076759.mkv,"IMDb popularity rank #26 by vote count; IMDb rating 8.6 from 1,585,595 votes; IMDb ID tt0076759. Information courtesy of IMDb (https://www.imdb.com). Used with permission."
The Green Mile,1999,Frank Darabont,Crime / Drama / Fantasy,189,Unknown,false,,/movies/imdb/tt0120689.mkv,"IMDb popularity rank #27 by vote count; IMDb rating 8.6 from 1,581,021 votes; IMDb ID tt0120689. Information courtesy of IMDb (https://www.imdb.com). Used with permission."
The Avengers,2012,Joss Whedon,Action / Sci-Fi,143,Unknown,false,,/movies/imdb/tt0848228.mkv,"IMDb popularity rank #28 by vote count; IMDb rating 8 from 1,578,659 votes; IMDb ID tt0848228. Information courtesy of IMDb (https://www.imdb.com). Used with permission."
The Departed,2006,Martin Scorsese,Crime / Drama / Thriller,151,Unknown,false,,/movies/imdb/tt0407887.mkv,"IMDb popularity rank #29 by vote count; IMDb rating 8.5 from 1,574,298 votes; IMDb ID tt0407887. Information courtesy of IMDb (https://www.imdb.com). Used with permission."
Star Wars: Episode V - The Empire Strikes Back,1980,Irvin Kershner,Adventure / Fantasy / Sci-Fi,124,Unknown,false,,/movies/imdb/tt0080684.mkv,"IMDb popularity rank #30 by vote count; IMDb rating 8.7 from 1,520,494 votes; IMDb ID tt0080684. Information courtesy of IMDb (https://www.imdb.com). Used with permission."
Avatar,2009,James Cameron,Action / Adventure / Fantasy,162,Unknown,false,,/movies/imdb/tt0499549.mkv,"IMDb popularity rank #31 by vote count; IMDb rating 7.9 from 1,513,548 votes; IMDb ID tt0499549. Information courtesy of IMDb (https://www.imdb.com). Used with permission."
The Godfather Part II,1974,Francis Ford Coppola,Crime / Drama,202,Unknown,false,,/movies/imdb/tt0071562.mkv,"IMDb popularity rank #32 by vote count; IMDb rating 9 from 1,509,716 votes; IMDb ID tt0071562. Information courtesy of IMDb (https://www.imdb.com). Used with permission."
Avengers: Endgame,2019,Anthony Russo / Joe Russo,Action / Adventure / Sci-Fi,181,Unknown,false,,/movies/imdb/tt4154796.mkv,"IMDb popularity rank #33 by vote count; IMDb rating 8.4 from 1,480,938 votes; IMDb ID tt4154796. Information courtesy of IMDb (https://www.imdb.com). Used with permission."
Back to the Future,1985,Robert Zemeckis,Adventure / Comedy / Sci-Fi,116,Unknown,false,,/movies/imdb/tt0088763.mkv,"IMDb popularity rank #34 by vote count; IMDb rating 8.5 from 1,471,779 votes; IMDb ID tt0088763. Information courtesy of IMDb (https://www.imdb.com). Used with permission."
Memento,2000,Christopher Nolan,Mystery / Thriller,113,Unknown,false,,/movies/imdb/tt0209144.mkv,"IMDb popularity rank #35 by vote count; IMDb rating 8.4 from 1,455,550 votes; IMDb ID tt0209144. Information courtesy of IMDb (https://www.imdb.com). Used with permission."
Titanic,1997,James Cameron,Drama / Romance,194,Unknown,false,,/movies/imdb/tt0120338.mkv,"IMDb popularity rank #36 by vote count; IMDb rating 8 from 1,409,503 votes; IMDb ID tt0120338. Information courtesy of IMDb (https://www.imdb.com). Used with permission."
GoodFellas,1990,Martin Scorsese,Biography / Crime / Drama,145,Unknown,false,,/movies/imdb/tt0099685.mkv,"IMDb popularity rank #37 by vote count; IMDb rating 8.7 from 1,409,310 votes; IMDb ID tt0099685. Information courtesy of IMDb (https://www.imdb.com). Used with permission."
Avengers: Infinity War,2018,Anthony Russo / Joe Russo,Action / Adventure / Sci-Fi,149,Unknown,false,,/movies/imdb/tt4154756.mkv,"IMDb popularity rank #38 by vote count; IMDb rating 8.4 from 1,403,926 votes; IMDb ID tt4154756. Information courtesy of IMDb (https://www.imdb.com). Used with permission."
The Truman Show,1998,Peter Weir,Comedy / Drama,103,Unknown,false,,/movies/imdb/tt0120382.mkv,"IMDb popularity rank #39 by vote count; IMDb rating 8.2 from 1,400,636 votes; IMDb ID tt0120382. Information courtesy of IMDb (https://www.imdb.com). Used with permission."
Guardians of the Galaxy,2014,James Gunn,Action / Adventure / Comedy,121,Unknown,false,,/movies/imdb/tt2015381.mkv,"IMDb popularity rank #40 by vote count; IMDb rating 8 from 1,380,519 votes; IMDb ID tt2015381. Information courtesy of IMDb (https://www.imdb.com). Used with permission."
Léon: The Professional,1994,Luc Besson,Action / Crime / Drama,110,Unknown,false,,/movies/imdb/tt0110413.mkv,"IMDb popularity rank #41 by vote count; IMDb rating 8.5 from 1,363,022 votes; IMDb ID tt0110413. Information courtesy of IMDb (https://www.imdb.com). Used with permission."
Pirates of the Caribbean: The Curse of the Black Pearl,2003,Gore Verbinski,Action / Adventure / Fantasy,143,Unknown,false,,/movies/imdb/tt0325980.mkv,"IMDb popularity rank #42 by vote count; IMDb rating 8.1 from 1,342,697 votes; IMDb ID tt0325980. Information courtesy of IMDb (https://www.imdb.com). Used with permission."
WALL·E,2008,Andrew Stanton,Adventure / Animation / Family,98,Unknown,false,,/movies/imdb/tt0910970.mkv,"IMDb popularity rank #43 by vote count; IMDb rating 8.4 from 1,338,385 votes; IMDb ID tt0910970. Information courtesy of IMDb (https://www.imdb.com). Used with permission."
Kill Bill: Vol. 1,2003,Quentin Tarantino,Action / Crime / Thriller,111,Unknown,false,,/movies/imdb/tt0266697.mkv,"IMDb popularity rank #44 by vote count; IMDb rating 8.2 from 1,322,055 votes; IMDb ID tt0266697. Information courtesy of IMDb (https://www.imdb.com). Used with permission."
Terminator 2: Judgment Day,1991,James Cameron,Action / Adventure / Sci-Fi,137,Unknown,false,,/movies/imdb/tt0103064.mkv,"IMDb popularity rank #45 by vote count; IMDb rating 8.6 from 1,297,200 votes; IMDb ID tt0103064. Information courtesy of IMDb (https://www.imdb.com). Used with permission."
American Beauty,1999,Sam Mendes,Drama,122,Unknown,false,,/movies/imdb/tt0169547.mkv,"IMDb popularity rank #46 by vote count; IMDb rating 8.3 from 1,286,763 votes; IMDb ID tt0169547. Information courtesy of IMDb (https://www.imdb.com). Used with permission."
American History X,1998,Tony Kaye,Crime / Drama,119,Unknown,false,,/movies/imdb/tt0120586.mkv,"IMDb popularity rank #47 by vote count; IMDb rating 8.5 from 1,284,333 votes; IMDb ID tt0120586. Information courtesy of IMDb (https://www.imdb.com). Used with permission."
The Lion King,1994,Roger Allers / Rob Minkoff,Adventure / Animation / Drama,88,Unknown,false,,/movies/imdb/tt0110357.mkv,"IMDb popularity rank #48 by vote count; IMDb rating 8.5 from 1,274,613 votes; IMDb ID tt0110357. Information courtesy of IMDb (https://www.imdb.com). Used with permission."
Deadpool,2016,Tim Miller,Action / Comedy / Sci-Fi,108,Unknown,false,,/movies/imdb/tt1431045.mkv,"IMDb popularity rank #49 by vote count; IMDb rating 8 from 1,269,012 votes; IMDb ID tt1431045. Information courtesy of IMDb (https://www.imdb.com). Used with permission."
Catch Me If You Can,2002,Steven Spielberg,Biography / Crime / Drama,141,Unknown,false,,/movies/imdb/tt0264464.mkv,"IMDb popularity rank #50 by vote count; IMDb rating 8.1 from 1,261,082 votes; IMDb ID tt0264464. Information courtesy of IMDb (https://www.imdb.com). Used with permission."
V for Vendetta,2005,James McTeigue,Action / Drama / Sci-Fi,132,Unknown,false,,/movies/imdb/tt0434409.mkv,"IMDb popularity rank #51 by vote count; IMDb rating 8.1 from 1,254,624 votes; IMDb ID tt0434409. Information courtesy of IMDb (https://www.imdb.com). Used with permission."
Up,2009,Pete Docter / Bob Peterson,Adventure / Animation / Comedy,96,Unknown,false,,/movies/imdb/tt1049413.mkv,"IMDb popularity rank #52 by vote count; IMDb rating 8.3 from 1,252,698 votes; IMDb ID tt1049413. Information courtesy of IMDb (https://www.imdb.com). Used with permission."
The Usual Suspects,1995,Bryan Singer,Crime / Drama / Mystery,106,Unknown,false,,/movies/imdb/tt0114814.mkv,"IMDb popularity rank #53 by vote count; IMDb rating 8.5 from 1,250,913 votes; IMDb ID tt0114814. Information courtesy of IMDb (https://www.imdb.com). Used with permission."
Iron Man,2008,Jon Favreau,Action / Adventure / Sci-Fi,126,Unknown,false,,/movies/imdb/tt0371746.mkv,"IMDb popularity rank #54 by vote count; IMDb rating 7.9 from 1,245,941 votes; IMDb ID tt0371746. Information courtesy of IMDb (https://www.imdb.com). Used with permission."
The Shining,1980,Stanley Kubrick,Drama / Horror,146,Unknown,false,,/movies/imdb/tt0081505.mkv,"IMDb popularity rank #55 by vote count; IMDb rating 8.4 from 1,240,418 votes; IMDb ID tt0081505. Information courtesy of IMDb (https://www.imdb.com). Used with permission."
Good Will Hunting,1997,Gus Van Sant,Drama / Romance,126,Unknown,false,,/movies/imdb/tt0119217.mkv,"IMDb popularity rank #56 by vote count; IMDb rating 8.4 from 1,237,845 votes; IMDb ID tt0119217. Information courtesy of IMDb (https://www.imdb.com). Used with permission."
Finding Nemo,2003,Andrew Stanton / Lee Unkrich,Adventure / Animation / Comedy,100,Unknown,false,,/movies/imdb/tt0266543.mkv,"IMDb popularity rank #57 by vote count; IMDb rating 8.2 from 1,222,626 votes; IMDb ID tt0266543. Information courtesy of IMDb (https://www.imdb.com). Used with permission."
Star Wars: Episode VI - Return of the Jedi,1983,Richard Marquand,Action / Adventure / Fantasy,131,Unknown,false,,/movies/imdb/tt0086190.mkv,"IMDb popularity rank #58 by vote count; IMDb rating 8.3 from 1,221,783 votes; IMDb ID tt0086190. Information courtesy of IMDb (https://www.imdb.com). Used with permission."
Mad Max: Fury Road,2015,George Miller,Action / Adventure / Sci-Fi,120,Unknown,false,,/movies/imdb/tt1392190.mkv,"IMDb popularity rank #59 by vote count; IMDb rating 8.1 from 1,218,808 votes; IMDb ID tt1392190. Information courtesy of IMDb (https://www.imdb.com). Used with permission."
No Country for Old Men,2007,Ethan Coen / Joel Coen,Crime / Drama / Thriller,122,Unknown,false,,/movies/imdb/tt0477348.mkv,"IMDb popularity rank #60 by vote count; IMDb rating 8.2 from 1,209,688 votes; IMDb ID tt0477348. Information courtesy of IMDb (https://www.imdb.com). Used with permission."
Jurassic Park,1993,Steven Spielberg,Adventure / Sci-Fi,127,Unknown,false,,/movies/imdb/tt0107290.mkv,"IMDb popularity rank #61 by vote count; IMDb rating 8.2 from 1,195,809 votes; IMDb ID tt0107290. Information courtesy of IMDb (https://www.imdb.com). Used with permission."
Toy Story,1995,John Lasseter,Adventure / Animation / Comedy,81,Unknown,false,,/movies/imdb/tt0114709.mkv,"IMDb popularity rank #62 by vote count; IMDb rating 8.3 from 1,195,648 votes; IMDb ID tt0114709. Information courtesy of IMDb (https://www.imdb.com). Used with permission."
Eternal Sunshine of the Spotless Mind,2004,Michel Gondry,Drama / Romance / Sci-Fi,108,Unknown,false,,/movies/imdb/tt0338013.mkv,"IMDb popularity rank #63 by vote count; IMDb rating 8.3 from 1,193,707 votes; IMDb ID tt0338013. Information courtesy of IMDb (https://www.imdb.com). Used with permission."
Parasite,2019,Bong Joon Ho,Drama / Thriller,132,Unknown,false,,/movies/imdb/tt6751668.mkv,"IMDb popularity rank #64 by vote count; IMDb rating 8.5 from 1,190,410 votes; IMDb ID tt6751668. Information courtesy of IMDb (https://www.imdb.com). Used with permission."
Gone Girl,2014,David Fincher,Drama / Mystery / Thriller,149,Unknown,false,,/movies/imdb/tt2267998.mkv,"IMDb popularity rank #65 by vote count; IMDb rating 8.1 from 1,184,458 votes; IMDb ID tt2267998. Information courtesy of IMDb (https://www.imdb.com). Used with permission."
Reservoir Dogs,1992,Quentin Tarantino,Crime / Thriller,99,Unknown,false,,/movies/imdb/tt0105236.mkv,"IMDb popularity rank #66 by vote count; IMDb rating 8.2 from 1,179,815 votes; IMDb ID tt0105236. Information courtesy of IMDb (https://www.imdb.com). Used with permission."
Whiplash,2014,Damien Chazelle,Drama / Music,106,Unknown,false,,/movies/imdb/tt2582802.mkv,"IMDb popularity rank #67 by vote count; IMDb rating 8.5 from 1,177,009 votes; IMDb ID tt2582802. Information courtesy of IMDb (https://www.imdb.com). Used with permission."
Braveheart,1995,Mel Gibson,Drama / War,178,Unknown,false,,/movies/imdb/tt0112573.mkv,"IMDb popularity rank #68 by vote count; IMDb rating 8.3 from 1,170,536 votes; IMDb ID tt0112573. Information courtesy of IMDb (https://www.imdb.com). Used with permission."
One Flew Over the Cuckoo's Nest,1975,Miloš Forman,Drama,133,Unknown,false,,/movies/imdb/tt0073486.mkv,"IMDb popularity rank #69 by vote count; IMDb rating 8.6 from 1,165,075 votes; IMDb ID tt0073486. Information courtesy of IMDb (https://www.imdb.com). Used with permission."
The Sixth Sense,1999,M. Night Shyamalan,Drama / Mystery / Thriller,107,Unknown,false,,/movies/imdb/tt0167404.mkv,"IMDb popularity rank #70 by vote count; IMDb rating 8.2 from 1,157,684 votes; IMDb ID tt0167404. Information courtesy of IMDb (https://www.imdb.com). Used with permission."
Raiders of the Lost Ark,1981,Steven Spielberg,Adventure,115,Unknown,false,,/movies/imdb/tt0082971.mkv,"IMDb popularity rank #71 by vote count; IMDb rating 8.4 from 1,119,113 votes; IMDb ID tt0082971. Information courtesy of IMDb (https://www.imdb.com). Used with permission."
The Hunger Games,2012,Gary Ross,Action / Adventure / Sci-Fi,142,Unknown,false,,/movies/imdb/tt1392170.mkv,"IMDb popularity rank #72 by vote count; IMDb rating 7.2 from 1,092,368 votes; IMDb ID tt1392170. Information courtesy of IMDb (https://www.imdb.com). Used with permission."
Oppenheimer,2023,Christopher Nolan,Biography / Drama / History,180,Unknown,false,,/movies/imdb/tt15398776.mkv,"IMDb popularity rank #73 by vote count; IMDb rating 8.2 from 1,090,758 votes; IMDb ID tt15398776. Information courtesy of IMDb (https://www.imdb.com). Used with permission."
"Monsters, Inc.",2001,Pete Docter / David Silverman / Lee Unkrich,Adventure / Animation / Comedy,92,Unknown,false,,/movies/imdb/tt0198781.mkv,"IMDb popularity rank #74 by vote count; IMDb rating 8.1 from 1,088,907 votes; IMDb ID tt0198781. Information courtesy of IMDb (https://www.imdb.com). Used with permission."
Dune: Part One,2021,Denis Villeneuve,Action / Adventure / Drama,155,Unknown,false,,/movies/imdb/tt1160419.mkv,"IMDb popularity rank #75 by vote count; IMDb rating 8 from 1,086,295 votes; IMDb ID tt1160419. Information courtesy of IMDb (https://www.imdb.com). Used with permission."
Alien,1979,Ridley Scott,Horror / Sci-Fi,117,Unknown,false,,/movies/imdb/tt0078748.mkv,"IMDb popularity rank #76 by vote count; IMDb rating 8.4 from 1,074,498 votes; IMDb ID tt0078748. Information courtesy of IMDb (https://www.imdb.com). Used with permission."
Spider-Man: No Way Home,2021,Jon Watts,Action / Adventure / Fantasy,148,Unknown,false,,/movies/imdb/tt10872600.mkv,"IMDb popularity rank #77 by vote count; IMDb rating 8.1 from 1,066,709 votes; IMDb ID tt10872600. Information courtesy of IMDb (https://www.imdb.com). Used with permission."
A Beautiful Mind,2001,Ron Howard,Biography / Drama / Mystery,135,Unknown,false,,/movies/imdb/tt0268978.mkv,"IMDb popularity rank #78 by vote count; IMDb rating 8.2 from 1,062,121 votes; IMDb ID tt0268978. Information courtesy of IMDb (https://www.imdb.com). Used with permission."
Harry Potter and the Deathly Hallows: Part 2,2011,David Yates,Adventure / Family / Fantasy,130,Unknown,false,,/movies/imdb/tt1201607.mkv,"IMDb popularity rank #79 by vote count; IMDb rating 8.1 from 1,060,017 votes; IMDb ID tt1201607. Information courtesy of IMDb (https://www.imdb.com). Used with permission."
The Intouchables,2011,Olivier Nakache / Éric Toledano,Comedy / Drama,112,Unknown,false,,/movies/imdb/tt1675434.mkv,"IMDb popularity rank #80 by vote count; IMDb rating 8.5 from 1,039,718 votes; IMDb ID tt1675434. Information courtesy of IMDb (https://www.imdb.com). Used with permission."
Taxi Driver,1976,Martin Scorsese,Crime / Drama,114,Unknown,false,,/movies/imdb/tt0075314.mkv,"IMDb popularity rank #81 by vote count; IMDb rating 8.2 from 1,039,453 votes; IMDb ID tt0075314. Information courtesy of IMDb (https://www.imdb.com). Used with permission."
Die Hard,1988,John McTiernan,Action / Thriller,132,Unknown,false,,/movies/imdb/tt0095016.mkv,"IMDb popularity rank #82 by vote count; IMDb rating 8.2 from 1,038,217 votes; IMDb ID tt0095016. Information courtesy of IMDb (https://www.imdb.com). Used with permission."
Star Wars: Episode VII - The Force Awakens,2015,J.J. Abrams,Action / Adventure / Sci-Fi,138,Unknown,false,,/movies/imdb/tt2488496.mkv,"IMDb popularity rank #83 by vote count; IMDb rating 7.7 from 1,034,114 votes; IMDb ID tt2488496. Information courtesy of IMDb (https://www.imdb.com). Used with permission."
Scarface,1983,Brian De Palma,Crime / Drama,170,Unknown,false,,/movies/imdb/tt0086250.mkv,"IMDb popularity rank #84 by vote count; IMDb rating 8.3 from 1,031,378 votes; IMDb ID tt0086250. Information courtesy of IMDb (https://www.imdb.com). Used with permission."
The Martian,2015,Ridley Scott,Adventure / Drama / Sci-Fi,144,Unknown,false,,/movies/imdb/tt3659388.mkv,"IMDb popularity rank #85 by vote count; IMDb rating 8 from 1,027,241 votes; IMDb ID tt3659388. Information courtesy of IMDb (https://www.imdb.com). Used with permission."
The Pianist,2002,Roman Polanski,Biography / Drama / Music,150,Unknown,false,,/movies/imdb/tt0253474.mkv,"IMDb popularity rank #86 by vote count; IMDb rating 8.5 from 1,022,548 votes; IMDb ID tt0253474. Information courtesy of IMDb (https://www.imdb.com). Used with permission."
Avengers: Age of Ultron,2015,Joss Whedon,Action / Adventure / Sci-Fi,141,Unknown,false,,/movies/imdb/tt2395427.mkv,"IMDb popularity rank #87 by vote count; IMDb rating 7.3 from 1,018,101 votes; IMDb ID tt2395427. Information courtesy of IMDb (https://www.imdb.com). Used with permission."
The Terminator,1984,James Cameron,Action / Adventure / Sci-Fi,107,Unknown,false,,/movies/imdb/tt0088247.mkv,"IMDb popularity rank #88 by vote count; IMDb rating 8.1 from 1,015,730 votes; IMDb ID tt0088247. Information courtesy of IMDb (https://www.imdb.com). Used with permission."
12 Angry Men,1957,Sidney Lumet,Crime / Drama,96,Unknown,false,,/movies/imdb/tt0050083.mkv,"IMDb popularity rank #89 by vote count; IMDb rating 9 from 999,662 votes; IMDb ID tt0050083. Information courtesy of IMDb (https://www.imdb.com). Used with permission."
Spider-Man,2002,Sam Raimi,Action / Adventure / Sci-Fi,121,Unknown,false,,/movies/imdb/tt0145487.mkv,"IMDb popularity rank #90 by vote count; IMDb rating 7.4 from 993,251 votes; IMDb ID tt0145487. Information courtesy of IMDb (https://www.imdb.com). Used with permission."
Toy Story 3,2010,Lee Unkrich,Adventure / Animation / Comedy,103,Unknown,false,,/movies/imdb/tt0435761.mkv,"IMDb popularity rank #91 by vote count; IMDb rating 8.3 from 987,952 votes; IMDb ID tt0435761. Information courtesy of IMDb (https://www.imdb.com). Used with permission."
Captain America: The Winter Soldier,2014,Anthony Russo / Joe Russo,Action / Adventure / Sci-Fi,136,Unknown,false,,/movies/imdb/tt1843866.mkv,"IMDb popularity rank #92 by vote count; IMDb rating 7.7 from 986,359 votes; IMDb ID tt1843866. Information courtesy of IMDb (https://www.imdb.com). Used with permission."
The Grand Budapest Hotel,2014,Wes Anderson,Comedy / Drama,99,Unknown,false,,/movies/imdb/tt2278388.mkv,"IMDb popularity rank #93 by vote count; IMDb rating 8.1 from 984,720 votes; IMDb ID tt2278388. Information courtesy of IMDb (https://www.imdb.com). Used with permission."
Snatch,2000,Guy Ritchie,Comedy / Crime,102,Unknown,false,,/movies/imdb/tt0208092.mkv,"IMDb popularity rank #94 by vote count; IMDb rating 8.2 from 984,090 votes; IMDb ID tt0208092. Information courtesy of IMDb (https://www.imdb.com). Used with permission."
Captain America: The First Avenger,2011,Joe Johnston,Action / Adventure / Sci-Fi,124,Unknown,false,,/movies/imdb/tt0458339.mkv,"IMDb popularity rank #95 by vote count; IMDb rating 6.9 from 983,896 votes; IMDb ID tt0458339. Information courtesy of IMDb (https://www.imdb.com). Used with permission."
Requiem for a Dream,2000,Darren Aronofsky,Drama,102,Unknown,false,,/movies/imdb/tt0180093.mkv,"IMDb popularity rank #96 by vote count; IMDb rating 8.3 from 983,037 votes; IMDb ID tt0180093. Information courtesy of IMDb (https://www.imdb.com). Used with permission."
Spirited Away,2001,Hayao Miyazaki,Adventure / Animation / Family,124,Unknown,false,,/movies/imdb/tt0245429.mkv,"IMDb popularity rank #97 by vote count; IMDb rating 8.6 from 981,911 votes; IMDb ID tt0245429. Information courtesy of IMDb (https://www.imdb.com). Used with permission."
Iron Man 3,2013,Shane Black,Action / Adventure / Sci-Fi,130,Unknown,false,,/movies/imdb/tt1300854.mkv,"IMDb popularity rank #98 by vote count; IMDb rating 7.1 from 980,887 votes; IMDb ID tt1300854. Information courtesy of IMDb (https://www.imdb.com). Used with permission."
Thor,2011,Kenneth Branagh,Action / Fantasy,115,Unknown,false,,/movies/imdb/tt0800369.mkv,"IMDb popularity rank #99 by vote count; IMDb rating 7 from 980,758 votes; IMDb ID tt0800369. Information courtesy of IMDb (https://www.imdb.com). Used with permission."
Once Upon a Time in... Hollywood,2019,Quentin Tarantino,Comedy / Drama,161,Unknown,false,,/movies/imdb/tt7131622.mkv,"IMDb popularity rank #100 by vote count; IMDb rating 7.6 from 975,694 votes; IMDb ID tt7131622. Information courtesy of IMDb (https://www.imdb.com). Used with permission."
Harry Potter and the Sorcerer's Stone,2001,Chris Columbus,Adventure / Family / Fantasy,152,Unknown,false,,/movies/imdb/tt0241527.mkv,"IMDb popularity rank #101 by vote count; IMDb rating 7.7 from 963,167 votes; IMDb ID tt0241527. Information courtesy of IMDb (https://www.imdb.com). Used with permission."
Ratatouille,2007,Brad Bird / Jan Pinkava,Adventure / Animation / Comedy,111,Unknown,false,,/movies/imdb/tt0382932.mkv,"IMDb popularity rank #102 by vote count; IMDb rating 8.1 from 962,631 votes; IMDb ID tt0382932. Information courtesy of IMDb (https://www.imdb.com). Used with permission."
The Revenant,2015,Alejandro G. Iñárritu,Action / Drama / Western,156,Unknown,false,,/movies/imdb/tt1663202.mkv,"IMDb popularity rank #103 by vote count; IMDb rating 8 from 959,424 votes; IMDb ID tt1663202. Information courtesy of IMDb (https://www.imdb.com). Used with permission."
Prisoners,2013,Denis Villeneuve,Crime / Drama / Mystery,153,Unknown,false,,/movies/imdb/tt1392214.mkv,"IMDb popularity rank #104 by vote count; IMDb rating 8.2 from 954,756 votes; IMDb ID tt1392214. Information courtesy of IMDb (https://www.imdb.com). Used with permission."
Iron Man 2,2010,Jon Favreau,Action / Sci-Fi,124,Unknown,false,,/movies/imdb/tt1228705.mkv,"IMDb popularity rank #105 by vote count; IMDb rating 6.9 from 954,340 votes; IMDb ID tt1228705. Information courtesy of IMDb (https://www.imdb.com). Used with permission."
The Batman,2022,Matt Reeves,Action / Crime / Drama,176,Unknown,false,,/movies/imdb/tt1877830.mkv,"IMDb popularity rank #106 by vote count; IMDb rating 7.8 from 945,882 votes; IMDb ID tt1877830. Information courtesy of IMDb (https://www.imdb.com). Used with permission."
Captain America: Civil War,2016,Anthony Russo / Joe Russo,Action / Sci-Fi,147,Unknown,false,,/movies/imdb/tt3498820.mkv,"IMDb popularity rank #107 by vote count; IMDb rating 7.8 from 945,450 votes; IMDb ID tt3498820. Information courtesy of IMDb (https://www.imdb.com). Used with permission."
A Clockwork Orange,1971,Stanley Kubrick,Crime / Sci-Fi,136,Unknown,false,,/movies/imdb/tt0066921.mkv,"IMDb popularity rank #108 by vote count; IMDb rating 8.2 from 943,231 votes; IMDb ID tt0066921. Information courtesy of IMDb (https://www.imdb.com). Used with permission."
The Hangover,2009,Todd Phillips,Comedy,100,Unknown,false,,/movies/imdb/tt1119646.mkv,"IMDb popularity rank #109 by vote count; IMDb rating 7.7 from 942,192 votes; IMDb ID tt1119646. Information courtesy of IMDb (https://www.imdb.com). Used with permission."
Logan,2017,James Mangold,Action / Drama / Sci-Fi,137,Unknown,false,,/movies/imdb/tt3315342.mkv,"IMDb popularity rank #110 by vote count; IMDb rating 8.1 from 938,012 votes; IMDb ID tt3315342. Information courtesy of IMDb (https://www.imdb.com). Used with permission."
Star Wars: Episode I - The Phantom Menace,1999,George Lucas,Action / Adventure / Fantasy,136,Unknown,false,,/movies/imdb/tt0120915.mkv,"IMDb popularity rank #111 by vote count; IMDb rating 6.5 from 937,185 votes; IMDb ID tt0120915. Information courtesy of IMDb (https://www.imdb.com). Used with permission."
The Hobbit: An Unexpected Journey,2012,Peter Jackson,Adventure / Fantasy,169,Unknown,false,,/movies/imdb/tt0903624.mkv,"IMDb popularity rank #112 by vote count; IMDb rating 7.8 from 935,752 votes; IMDb ID tt0903624. Information courtesy of IMDb (https://www.imdb.com). Used with permission."
Star Wars: Episode III - Revenge of the Sith,2005,George Lucas,Action / Adventure / Fantasy,140,Unknown,false,,/movies/imdb/tt0121766.mkv,"IMDb popularity rank #113 by vote count; IMDb rating 7.7 from 932,404 votes; IMDb ID tt0121766. Information courtesy of IMDb (https://www.imdb.com). Used with permission."
Inside Out,2015,Pete Docter / Ronnie Del Carmen,Adventure / Animation / Comedy,95,Unknown,false,,/movies/imdb/tt2096673.mkv,"IMDb popularity rank #114 by vote count; IMDb rating 8.1 from 930,375 votes; IMDb ID tt2096673. Information courtesy of IMDb (https://www.imdb.com). Used with permission."
Black Panther,2018,Ryan Coogler,Action / Adventure / Sci-Fi,134,Unknown,false,,/movies/imdb/tt1825683.mkv,"IMDb popularity rank #115 by vote count; IMDb rating 7.3 from 923,471 votes; IMDb ID tt1825683. Information courtesy of IMDb (https://www.imdb.com). Used with permission."
The Big Lebowski,1998,Joel Coen / Ethan Coen,Comedy / Crime,117,Unknown,false,,/movies/imdb/tt0118715.mkv,"IMDb popularity rank #116 by vote count; IMDb rating 8.1 from 923,260 votes; IMDb ID tt0118715. Information courtesy of IMDb (https://www.imdb.com). Used with permission."
300,2006,Zack Snyder,Action / Drama,117,Unknown,false,,/movies/imdb/tt0416449.mkv,"IMDb popularity rank #117 by vote count; IMDb rating 7.6 from 920,446 votes; IMDb ID tt0416449. Information courtesy of IMDb (https://www.imdb.com). Used with permission."
Donnie Darko,2001,Richard Kelly,Drama / Mystery / Sci-Fi,113,Unknown,false,,/movies/imdb/tt0246578.mkv,"IMDb popularity rank #118 by vote count; IMDb rating 8 from 918,657 votes; IMDb ID tt0246578. Information courtesy of IMDb (https://www.imdb.com). Used with permission."
The Incredibles,2004,Brad Bird,Action / Adventure / Animation,115,Unknown,false,,/movies/imdb/tt0317705.mkv,"IMDb popularity rank #119 by vote count; IMDb rating 8 from 914,637 votes; IMDb ID tt0317705. Information courtesy of IMDb (https://www.imdb.com). Used with permission."
Slumdog Millionaire,2008,Danny Boyle / Loveleen Tandan,Crime / Drama / Romance,120,Unknown,false,,/movies/imdb/tt1010048.mkv,"IMDb popularity rank #120 by vote count; IMDb rating 8 from 914,502 votes; IMDb ID tt1010048. Information courtesy of IMDb (https://www.imdb.com). Used with permission."
Thor: Ragnarok,2017,Taika Waititi,Action / Adventure / Comedy,130,Unknown,false,,/movies/imdb/tt3501632.mkv,"IMDb popularity rank #121 by vote count; IMDb rating 7.9 from 909,848 votes; IMDb ID tt3501632. Information courtesy of IMDb (https://www.imdb.com). Used with permission."
How to Train Your Dragon,2010,Dean DeBlois / Chris Sanders,Action / Adventure / Animation,98,Unknown,false,,/movies/imdb/tt0892769.mkv,"IMDb popularity rank #122 by vote count; IMDb rating 8.1 from 906,658 votes; IMDb ID tt0892769. Information courtesy of IMDb (https://www.imdb.com). Used with permission."
Gravity,2013,Alfonso Cuarón,Drama / Sci-Fi / Thriller,91,Unknown,false,,/movies/imdb/tt1454468.mkv,"IMDb popularity rank #123 by vote count; IMDb rating 7.7 from 905,326 votes; IMDb ID tt1454468. Information courtesy of IMDb (https://www.imdb.com). Used with permission."
Top Gun: Maverick,2022,Joseph Kosinski,Action / Drama,130,Unknown,false,,/movies/imdb/tt1745960.mkv,"IMDb popularity rank #124 by vote count; IMDb rating 8.2 from 901,960 votes; IMDb ID tt1745960. Information courtesy of IMDb (https://www.imdb.com). Used with permission."
"The Good, the Bad and the Ugly",1966,Sergio Leone,Adventure / Drama / Western,178,Unknown,false,,/movies/imdb/tt0060196.mkv,"IMDb popularity rank #125 by vote count; IMDb rating 8.8 from 898,944 votes; IMDb ID tt0060196. Information courtesy of IMDb (https://www.imdb.com). Used with permission."
Black Swan,2010,Darren Aronofsky,Drama / Thriller,108,Unknown,false,,/movies/imdb/tt0947798.mkv,"IMDb popularity rank #126 by vote count; IMDb rating 8 from 896,329 votes; IMDb ID tt0947798. Information courtesy of IMDb (https://www.imdb.com). Used with permission."
Doctor Strange,2016,Scott Derrickson,Action / Adventure / Fantasy,115,Unknown,false,,/movies/imdb/tt1211837.mkv,"IMDb popularity rank #127 by vote count; IMDb rating 7.5 from 894,338 votes; IMDb ID tt1211837. Information courtesy of IMDb (https://www.imdb.com). Used with permission."
Blade Runner,1982,Ridley Scott,Action / Drama / Sci-Fi,117,Unknown,false,,/movies/imdb/tt0083658.mkv,"IMDb popularity rank #128 by vote count; IMDb rating 8.1 from 889,354 votes; IMDb ID tt0083658. Information courtesy of IMDb (https://www.imdb.com). Used with permission."
Knives Out,2019,Rian Johnson,Comedy / Crime / Drama,130,Unknown,false,,/movies/imdb/tt8946378.mkv,"IMDb popularity rank #129 by vote count; IMDb rating 7.9 from 888,651 votes; IMDb ID tt8946378. Information courtesy of IMDb (https://www.imdb.com). Used with permission."
I Am Legend,2007,Francis Lawrence,Drama / Horror / Sci-Fi,101,Unknown,false,,/movies/imdb/tt0480249.mkv,"IMDb popularity rank #130 by vote count; IMDb rating 7.2 from 886,623 votes; IMDb ID tt0480249. Information courtesy of IMDb (https://www.imdb.com). Used with permission."
The Imitation Game,2014,Morten Tyldum,Biography / Drama / Thriller,114,Unknown,false,,/movies/imdb/tt2084970.mkv,"IMDb popularity rank #131 by vote count; IMDb rating 8 from 884,014 votes; IMDb ID tt2084970. Information courtesy of IMDb (https://www.imdb.com). Used with permission."
City of God,2002,Fernando Meirelles / Kátia Lund,Crime / Drama,130,Unknown,false,,/movies/imdb/tt0317248.mkv,"IMDb popularity rank #132 by vote count; IMDb rating 8.6 from 880,172 votes; IMDb ID tt0317248. Information courtesy of IMDb (https://www.imdb.com). Used with permission."
Kill Bill: Vol. 2,2004,Quentin Tarantino,Action / Crime / Thriller,137,Unknown,false,,/movies/imdb/tt0378194.mkv,"IMDb popularity rank #133 by vote count; IMDb rating 8 from 878,618 votes; IMDb ID tt0378194. Information courtesy of IMDb (https://www.imdb.com). Used with permission."
Arrival,2016,Denis Villeneuve,Drama / Mystery / Sci-Fi,116,Unknown,false,,/movies/imdb/tt2543164.mkv,"IMDb popularity rank #134 by vote count; IMDb rating 7.9 from 876,996 votes; IMDb ID tt2543164. Information courtesy of IMDb (https://www.imdb.com). Used with permission."
Man of Steel,2013,Zack Snyder,Action / Adventure / Sci-Fi,143,Unknown,false,,/movies/imdb/tt0770828.mkv,"IMDb popularity rank #135 by vote count; IMDb rating 7.1 from 875,080 votes; IMDb ID tt0770828. Information courtesy of IMDb (https://www.imdb.com). Used with permission."
Indiana Jones and the Last Crusade,1989,Steven Spielberg,Adventure,127,Unknown,false,,/movies/imdb/tt0097576.mkv,"IMDb popularity rank #136 by vote count; IMDb rating 8.2 from 870,136 votes; IMDb ID tt0097576. Information courtesy of IMDb (https://www.imdb.com). Used with permission."
Gran Torino,2008,Clint Eastwood,Drama,116,Unknown,false,,/movies/imdb/tt1205489.mkv,"IMDb popularity rank #137 by vote count; IMDb rating 8.1 from 868,886 votes; IMDb ID tt1205489. Information courtesy of IMDb (https://www.imdb.com). Used with permission."
Full Metal Jacket,1987,Stanley Kubrick,Drama / War,116,Unknown,false,,/movies/imdb/tt0093058.mkv,"IMDb popularity rank #138 by vote count; IMDb rating 8.2 from 857,856 votes; IMDb ID tt0093058. Information courtesy of IMDb (https://www.imdb.com). Used with permission."
American Psycho,2000,Mary Harron,Crime / Drama / Horror,102,Unknown,false,,/movies/imdb/tt0144084.mkv,"IMDb popularity rank #139 by vote count; IMDb rating 7.6 from 853,314 votes; IMDb ID tt0144084. Information courtesy of IMDb (https://www.imdb.com). Used with permission."
Aliens,1986,James Cameron,Action / Adventure / Horror,137,Unknown,false,,/movies/imdb/tt0090605.mkv,"IMDb popularity rank #140 by vote count; IMDb rating 8.4 from 846,714 votes; IMDb ID tt0090605. Information courtesy of IMDb (https://www.imdb.com). Used with permission."
Amélie,2001,Jean-Pierre Jeunet,Comedy / Romance,122,Unknown,false,,/movies/imdb/tt0211915.mkv,"IMDb popularity rank #141 by vote count; IMDb rating 8.2 from 845,806 votes; IMDb ID tt0211915. Information courtesy of IMDb (https://www.imdb.com). Used with permission."
Guardians of the Galaxy: Vol. 2,2017,James Gunn,Action / Adventure / Comedy,136,Unknown,false,,/movies/imdb/tt3896198.mkv,"IMDb popularity rank #142 by vote count; IMDb rating 7.6 from 843,255 votes; IMDb ID tt3896198. Information courtesy of IMDb (https://www.imdb.com). Used with permission."
John Wick,2014,Chad Stahelski,Action / Crime / Thriller,101,Unknown,false,,/movies/imdb/tt2911666.mkv,"IMDb popularity rank #143 by vote count; IMDb rating 7.5 from 838,732 votes; IMDb ID tt2911666. Information courtesy of IMDb (https://www.imdb.com). Used with permission."
Pirates of the Caribbean: Dead Man's Chest,2006,Gore Verbinski,Action / Adventure / Fantasy,151,Unknown,false,,/movies/imdb/tt0383574.mkv,"IMDb popularity rank #144 by vote count; IMDb rating 7.4 from 835,227 votes; IMDb ID tt0383574. Information courtesy of IMDb (https://www.imdb.com). Used with permission."
Get Out,2017,Jordan Peele,Horror / Mystery / Thriller,104,Unknown,false,,/movies/imdb/tt5052448.mkv,"IMDb popularity rank #145 by vote count; IMDb rating 7.8 from 834,571 votes; IMDb ID tt5052448. Information courtesy of IMDb (https://www.imdb.com). Used with permission."
Spider-Man: Homecoming,2017,Jon Watts,Action / Adventure / Sci-Fi,133,Unknown,false,,/movies/imdb/tt2250912.mkv,"IMDb popularity rank #146 by vote count; IMDb rating 7.4 from 831,940 votes; IMDb ID tt2250912. Information courtesy of IMDb (https://www.imdb.com). Used with permission."
Star Wars: Episode II - Attack of the Clones,2002,George Lucas,Action / Adventure / Fantasy,142,Unknown,false,,/movies/imdb/tt0121765.mkv,"IMDb popularity rank #147 by vote count; IMDb rating 6.6 from 830,020 votes; IMDb ID tt0121765. Information courtesy of IMDb (https://www.imdb.com). Used with permission."
The Social Network,2010,David Fincher,Biography / Drama,120,Unknown,false,,/movies/imdb/tt1285016.mkv,"IMDb popularity rank #148 by vote count; IMDb rating 7.8 from 827,313 votes; IMDb ID tt1285016. Information courtesy of IMDb (https://www.imdb.com). Used with permission."
Dunkirk,2017,Christopher Nolan,Action / Drama / History,106,Unknown,false,,/movies/imdb/tt5013056.mkv,"IMDb popularity rank #149 by vote count; IMDb rating 7.8 from 824,377 votes; IMDb ID tt5013056. Information courtesy of IMDb (https://www.imdb.com). Used with permission."
Sin City,2005,Frank Miller / Robert Rodriguez,Crime / Thriller,124,Unknown,false,,/movies/imdb/tt0401792.mkv,"IMDb popularity rank #150 by vote count; IMDb rating 8 from 823,513 votes; IMDb ID tt0401792. Information courtesy of IMDb (https://www.imdb.com). Used with permission."
Life Is Beautiful,1997,Roberto Benigni,Comedy / Drama / Romance,116,Unknown,false,,/movies/imdb/tt0118799.mkv,"IMDb popularity rank #151 by vote count; IMDb rating 8.6 from 821,074 votes; IMDb ID tt0118799. Information courtesy of IMDb (https://www.imdb.com). Used with permission."
Shrek,2001,Andrew Adamson / Vicky Jenson,Adventure / Animation / Comedy,90,Unknown,false,,/movies/imdb/tt0126029.mkv,"IMDb popularity rank #152 by vote count; IMDb rating 7.9 from 819,666 votes; IMDb ID tt0126029. Information courtesy of IMDb (https://www.imdb.com). Used with permission."
Heat,1995,Michael Mann,Action / Crime / Drama,170,Unknown,false,,/movies/imdb/tt0113277.mkv,"IMDb popularity rank #153 by vote count; IMDb rating 8.3 from 816,210 votes; IMDb ID tt0113277. Information courtesy of IMDb (https://www.imdb.com). Used with permission."
Edge of Tomorrow,2014,Doug Liman,Action / Adventure / Sci-Fi,113,Unknown,false,,/movies/imdb/tt1631867.mkv,"IMDb popularity rank #154 by vote count; IMDb rating 7.9 from 813,770 votes; IMDb ID tt1631867. Information courtesy of IMDb (https://www.imdb.com). Used with permission."
Spider-Man: Into the Spider-Verse,2018,Bob Persichetti / Peter Ramsey / Rodney Rothman,Action / Adventure / Animation,117,Unknown,false,,/movies/imdb/tt4633694.mkv,"IMDb popularity rank #155 by vote count; IMDb rating 8.4 from 812,376 votes; IMDb ID tt4633694. Information courtesy of IMDb (https://www.imdb.com). Used with permission."
Spider-Man 2,2004,Sam Raimi,Action / Adventure / Sci-Fi,127,Unknown,false,,/movies/imdb/tt0316654.mkv,"IMDb popularity rank #156 by vote count; IMDb rating 7.5 from 805,366 votes; IMDb ID tt0316654. Information courtesy of IMDb (https://www.imdb.com). Used with permission."
Batman v Superman: Dawn of Justice,2016,Zack Snyder,Sci-Fi,151,Unknown,false,,/movies/imdb/tt2975590.mkv,"IMDb popularity rank #157 by vote count; IMDb rating 6.4 from 797,881 votes; IMDb ID tt2975590. Information courtesy of IMDb (https://www.imdb.com). Used with permission."
X-Men: Days of Future Past,2014,Bryan Singer,Action / Adventure / Sci-Fi,132,Unknown,false,,/movies/imdb/tt1877832.mkv,"IMDb popularity rank #158 by vote count; IMDb rating 7.9 from 795,502 votes; IMDb ID tt1877832. Information courtesy of IMDb (https://www.imdb.com). Used with permission."
Fargo,1996,Joel Coen / Ethan Coen,Crime / Drama / Thriller,98,Unknown,false,,/movies/imdb/tt0116282.mkv,"IMDb popularity rank #159 by vote count; IMDb rating 8.1 from 794,672 votes; IMDb ID tt0116282. Information courtesy of IMDb (https://www.imdb.com). Used with permission."
12 Years a Slave,2013,Steve McQueen,Biography / Drama / History,134,Unknown,false,,/movies/imdb/tt2024544.mkv,"IMDb popularity rank #160 by vote count; IMDb rating 8.1 from 793,363 votes; IMDb ID tt2024544. Information courtesy of IMDb (https://www.imdb.com). Used with permission."
World War Z,2013,Marc Forster,Action / Adventure / Horror,116,Unknown,false,,/movies/imdb/tt0816711.mkv,"IMDb popularity rank #161 by vote count; IMDb rating 7 from 792,804 votes; IMDb ID tt0816711. Information courtesy of IMDb (https://www.imdb.com). Used with permission."
Psycho,1960,Alfred Hitchcock,Drama / Horror / Mystery,109,Unknown,false,,/movies/imdb/tt0054215.mkv,"IMDb popularity rank #162 by vote count; IMDb rating 8.5 from 792,648 votes; IMDb ID tt0054215. Information courtesy of IMDb (https://www.imdb.com). Used with permission."
Ant-Man,2015,Peyton Reed,Action / Comedy / Sci-Fi,117,Unknown,false,,/movies/imdb/tt0478970.mkv,"IMDb popularity rank #163 by vote count; IMDb rating 7.2 from 792,149 votes; IMDb ID tt0478970. Information courtesy of IMDb (https://www.imdb.com). Used with permission."
2001: A Space Odyssey,1968,Stanley Kubrick,Adventure / Sci-Fi,149,Unknown,false,,/movies/imdb/tt0062622.mkv,"IMDb popularity rank #164 by vote count; IMDb rating 8.3 from 791,037 votes; IMDb ID tt0062622. Information courtesy of IMDb (https://www.imdb.com). Used with permission."
Thor: The Dark World,2013,Alan Taylor,Action / Adventure / Fantasy,112,Unknown,false,,/movies/imdb/tt1981115.mkv,"IMDb popularity rank #165 by vote count; IMDb rating 6.7 from 789,520 votes; IMDb ID tt1981115. Information courtesy of IMDb (https://www.imdb.com). Used with permission."
Dune: Part Two,2024,Denis Villeneuve,Action / Adventure / Drama,166,Unknown,false,,/movies/imdb/tt15239678.mkv,"IMDb popularity rank #166 by vote count; IMDb rating 8.4 from 788,175 votes; IMDb ID tt15239678. Information courtesy of IMDb (https://www.imdb.com). Used with permission."
The Amazing Spider-Man,2012,Marc Webb,Action / Sci-Fi,136,Unknown,false,,/movies/imdb/tt0948470.mkv,"IMDb popularity rank #167 by vote count; IMDb rating 7 from 784,903 votes; IMDb ID tt0948470. Information courtesy of IMDb (https://www.imdb.com). Used with permission."
1917,2019,Sam Mendes,Drama / War,119,Unknown,false,,/movies/imdb/tt8579674.mkv,"IMDb popularity rank #168 by vote count; IMDb rating 8.2 from 783,830 votes; IMDb ID tt8579674. Information courtesy of IMDb (https://www.imdb.com). Used with permission."
Kingsman: The Secret Service,2014,Matthew Vaughn,Action / Adventure / Comedy,129,Unknown,false,,/movies/imdb/tt2802144.mkv,"IMDb popularity rank #169 by vote count; IMDb rating 7.7 from 783,438 votes; IMDb ID tt2802144. Information courtesy of IMDb (https://www.imdb.com). Used with permission."
The Hunger Games: Catching Fire,2013,Francis Lawrence,Action / Adventure / Romance,146,Unknown,false,,/movies/imdb/tt1951264.mkv,"IMDb popularity rank #170 by vote count; IMDb rating 7.5 from 781,435 votes; IMDb ID tt1951264. Information courtesy of IMDb (https://www.imdb.com). Used with permission."
Skyfall,2012,Sam Mendes,Action / Adventure / Thriller,143,Unknown,false,,/movies/imdb/tt1074638.mkv,"IMDb popularity rank #171 by vote count; IMDb rating 7.8 from 779,303 votes; IMDb ID tt1074638. Information courtesy of IMDb (https://www.imdb.com). Used with permission."
Now You See Me,2013,Louis Leterrier,Crime / Mystery / Thriller,115,Unknown,false,,/movies/imdb/tt1670345.mkv,"IMDb popularity rank #172 by vote count; IMDb rating 7.2 from 777,279 votes; IMDb ID tt1670345. Information courtesy of IMDb (https://www.imdb.com). Used with permission."
Silver Linings Playbook,2012,David O. Russell,Drama / Romance,122,Unknown,false,,/movies/imdb/tt1045658.mkv,"IMDb popularity rank #173 by vote count; IMDb rating 7.7 from 777,223 votes; IMDb ID tt1045658. Information courtesy of IMDb (https://www.imdb.com). Used with permission."
Apocalypse Now,1979,Francis Ford Coppola,Drama / Mystery / War,147,Unknown,false,,/movies/imdb/tt0078788.mkv,"IMDb popularity rank #174 by vote count; IMDb rating 8.4 from 776,675 votes; IMDb ID tt0078788. Information courtesy of IMDb (https://www.imdb.com). Used with permission."
Harry Potter and the Prisoner of Azkaban,2004,Alfonso Cuarón,Adventure / Family / Fantasy,142,Unknown,false,,/movies/imdb/tt0304141.mkv,"IMDb popularity rank #175 by vote count; IMDb rating 7.9 from 776,355 votes; IMDb ID tt0304141. Information courtesy of IMDb (https://www.imdb.com). Used with permission."
La La Land,2016,Damien Chazelle,Comedy / Drama / Music,128,Unknown,false,,/movies/imdb/tt3783958.mkv,"IMDb popularity rank #176 by vote count; IMDb rating 8 from 775,789 votes; IMDb ID tt3783958. Information courtesy of IMDb (https://www.imdb.com). Used with permission."
Harry Potter and the Chamber of Secrets,2002,Chris Columbus,Adventure / Family / Fantasy,161,Unknown,false,,/movies/imdb/tt0295297.mkv,"IMDb popularity rank #177 by vote count; IMDb rating 7.5 from 775,290 votes; IMDb ID tt0295297. Information courtesy of IMDb (https://www.imdb.com). Used with permission."
Trainspotting,1996,Danny Boyle,Crime / Drama,93,Unknown,false,,/movies/imdb/tt0117951.mkv,"IMDb popularity rank #178 by vote count; IMDb rating 8.1 from 773,466 votes; IMDb ID tt0117951. Information courtesy of IMDb (https://www.imdb.com). Used with permission."
Drive,2011,Nicolas Winding Refn,Action / Drama,100,Unknown,false,,/movies/imdb/tt0780504.mkv,"IMDb popularity rank #179 by vote count; IMDb rating 7.8 from 772,423 votes; IMDb ID tt0780504. Information courtesy of IMDb (https://www.imdb.com). Used with permission."
Million Dollar Baby,2004,Clint Eastwood,Drama / Sport,132,Unknown,false,,/movies/imdb/tt0405159.mkv,"IMDb popularity rank #180 by vote count; IMDb rating 8.1 from 772,289 votes; IMDb ID tt0405159. Information courtesy of IMDb (https://www.imdb.com). Used with permission."
X-Men: First Class,2011,Matthew Vaughn,Action / Sci-Fi,131,Unknown,false,,/movies/imdb/tt1270798.mkv,"IMDb popularity rank #181 by vote count; IMDb rating 7.7 from 771,437 votes; IMDb ID tt1270798. Information courtesy of IMDb (https://www.imdb.com). Used with permission."
Blade Runner 2049,2017,Denis Villeneuve,Action / Drama / Mystery,164,Unknown,false,,/movies/imdb/tt1856101.mkv,"IMDb popularity rank #182 by vote count; IMDb rating 8 from 766,205 votes; IMDb ID tt1856101. Information courtesy of IMDb (https://www.imdb.com). Used with permission."
Suicide Squad,2016,David Ayer,Action / Adventure / Fantasy,123,Unknown,false,,/movies/imdb/tt1386697.mkv,"IMDb popularity rank #183 by vote count; IMDb rating 5.9 from 765,505 votes; IMDb ID tt1386697. Information courtesy of IMDb (https://www.imdb.com). Used with permission."
Rogue One: A Star Wars Story,2016,Gareth Edwards,Action / Adventure / Sci-Fi,133,Unknown,false,,/movies/imdb/tt3748528.mkv,"IMDb popularity rank #184 by vote count; IMDb rating 7.8 from 764,406 votes; IMDb ID tt3748528. Information courtesy of IMDb (https://www.imdb.com). Used with permission."
Harry Potter and the Goblet of Fire,2005,Mike Newell,Adventure / Family / Fantasy,157,Unknown,false,,/movies/imdb/tt0330373.mkv,"IMDb popularity rank #185 by vote count; IMDb rating 7.7 from 762,598 votes; IMDb ID tt0330373. Information courtesy of IMDb (https://www.imdb.com). Used with permission."
The Hobbit: The Desolation of Smaug,2013,Peter Jackson,Adventure / Fantasy,161,Unknown,false,,/movies/imdb/tt1170358.mkv,"IMDb popularity rank #186 by vote count; IMDb rating 7.8 from 760,341 votes; IMDb ID tt1170358. Information courtesy of IMDb (https://www.imdb.com). Used with permission."
District 9,2009,Neill Blomkamp,Action / Sci-Fi / Thriller,112,Unknown,false,,/movies/imdb/tt1136608.mkv,"IMDb popularity rank #187 by vote count; IMDb rating 7.9 from 756,865 votes; IMDb ID tt1136608. Information courtesy of IMDb (https://www.imdb.com). Used with permission."
Deadpool 2,2018,David Leitch,Action / Adventure / Comedy,119,Unknown,false,,/movies/imdb/tt5463162.mkv,"IMDb popularity rank #188 by vote count; IMDb rating 7.6 from 755,508 votes; IMDb ID tt5463162. Information courtesy of IMDb (https://www.imdb.com). Used with permission."
Home Alone,1990,Chris Columbus,Comedy / Family,103,Unknown,false,,/movies/imdb/tt0099785.mkv,"IMDb popularity rank #189 by vote count; IMDb rating 7.8 from 753,129 votes; IMDb ID tt0099785. Information courtesy of IMDb (https://www.imdb.com). Used with permission."
The Curious Case of Benjamin Button,2008,David Fincher,Drama / Fantasy / Romance,166,Unknown,false,,/movies/imdb/tt0421715.mkv,"IMDb popularity rank #190 by vote count; IMDb rating 7.8 from 753,080 votes; IMDb ID tt0421715. Information courtesy of IMDb (https://www.imdb.com). Used with permission."
Casino Royale,2006,Martin Campbell,Action / Adventure / Thriller,144,Unknown,false,,/movies/imdb/tt0381061.mkv,"IMDb popularity rank #191 by vote count; IMDb rating 8 from 752,950 votes; IMDb ID tt0381061. Information courtesy of IMDb (https://www.imdb.com). Used with permission."
Pan's Labyrinth,2006,Guillermo del Toro,Drama / Fantasy / War,118,Unknown,false,,/movies/imdb/tt0457430.mkv,"IMDb popularity rank #192 by vote count; IMDb rating 8.2 from 751,950 votes; IMDb ID tt0457430. Information courtesy of IMDb (https://www.imdb.com). Used with permission."
Pirates of the Caribbean: At World's End,2007,Gore Verbinski,Action / Adventure / Fantasy,169,Unknown,false,,/movies/imdb/tt0449088.mkv,"IMDb popularity rank #193 by vote count; IMDb rating 7.2 from 751,675 votes; IMDb ID tt0449088. Information courtesy of IMDb (https://www.imdb.com). Used with permission."
Jaws,1975,Steven Spielberg,Adventure / Drama / Horror,124,Unknown,false,,/movies/imdb/tt0073195.mkv,"IMDb popularity rank #194 by vote count; IMDb rating 8.1 from 748,219 votes; IMDb ID tt0073195. Information courtesy of IMDb (https://www.imdb.com). Used with permission."
Wonder Woman,2017,Patty Jenkins,Action / Adventure / Fantasy,141,Unknown,false,,/movies/imdb/tt0451279.mkv,"IMDb popularity rank #195 by vote count; IMDb rating 7.3 from 740,413 votes; IMDb ID tt0451279. Information courtesy of IMDb (https://www.imdb.com). Used with permission."
Groundhog Day,1993,Harold Ramis,Comedy / Drama / Fantasy,101,Unknown,false,,/movies/imdb/tt0107048.mkv,"IMDb popularity rank #196 by vote count; IMDb rating 8 from 740,077 votes; IMDb ID tt0107048. Information courtesy of IMDb (https://www.imdb.com). Used with permission."
Jurassic World,2015,Colin Trevorrow,Action / Adventure / Sci-Fi,124,Unknown,false,,/movies/imdb/tt0369610.mkv,"IMDb popularity rank #197 by vote count; IMDb rating 6.9 from 736,573 votes; IMDb ID tt0369610. Information courtesy of IMDb (https://www.imdb.com). Used with permission."
The King's Speech,2010,Tom Hooper,Biography / Drama / History,118,Unknown,false,,/movies/imdb/tt1504320.mkv,"IMDb popularity rank #198 by vote count; IMDb rating 8 from 736,285 votes; IMDb ID tt1504320. Information courtesy of IMDb (https://www.imdb.com). Used with permission."
Her,2013,Spike Jonze,Drama / Romance / Sci-Fi,126,Unknown,false,,/movies/imdb/tt1798709.mkv,"IMDb popularity rank #199 by vote count; IMDb rating 8 from 732,723 votes; IMDb ID tt1798709. Information courtesy of IMDb (https://www.imdb.com). Used with permission."
Oldboy,2003,Park Chan-wook,Action / Drama / Mystery,120,Unknown,false,,/movies/imdb/tt0364569.mkv,"IMDb popularity rank #200 by vote count; IMDb rating 8.3 from 729,972 votes; IMDb ID tt0364569. Information courtesy of IMDb (https://www.imdb.com). Used with permission."
The Hateful Eight,2015,Quentin Tarantino,Crime / Drama / Mystery,168,Unknown,false,,/movies/imdb/tt3460252.mkv,"IMDb popularity rank #201 by vote count; IMDb rating 7.8 from 729,429 votes; IMDb ID tt3460252. Information courtesy of IMDb (https://www.imdb.com). Used with permission."
Star Wars: Episode VIII - The Last Jedi,2017,Rian Johnson,Action / Adventure / Fantasy,152,Unknown,false,,/movies/imdb/tt2527336.mkv,"IMDb popularity rank #202 by vote count; IMDb rating 6.8 from 725,960 votes; IMDb ID tt2527336. Information courtesy of IMDb (https://www.imdb.com). Used with permission."
Transformers,2007,Michael Bay,Action / Adventure / Sci-Fi,144,Unknown,false,,/movies/imdb/tt0418279.mkv,"IMDb popularity rank #203 by vote count; IMDb rating 7.1 from 725,052 votes; IMDb ID tt0418279. Information courtesy of IMDb (https://www.imdb.com). Used with permission."
Coco,2017,Lee Unkrich / Adrian Molina,Adventure / Animation / Drama,105,Unknown,false,,/movies/imdb/tt2380307.mkv,"IMDb popularity rank #204 by vote count; IMDb rating 8.4 from 723,950 votes; IMDb ID tt2380307. Information courtesy of IMDb (https://www.imdb.com). Used with permission."
Frozen,2013,Chris Buck / Jennifer Lee,Adventure / Animation / Comedy,102,Unknown,false,,/movies/imdb/tt2294629.mkv,"IMDb popularity rank #205 by vote count; IMDb rating 7.4 from 720,436 votes; IMDb ID tt2294629. Information courtesy of IMDb (https://www.imdb.com). Used with permission."
There Will Be Blood,2007,Paul Thomas Anderson,Drama,158,Unknown,false,,/movies/imdb/tt0469494.mkv,"IMDb popularity rank #206 by vote count; IMDb rating 8.2 from 717,417 votes; IMDb ID tt0469494. Information courtesy of IMDb (https://www.imdb.com). Used with permission."
Ted,2012,Seth MacFarlane,Comedy,106,Unknown,false,,/movies/imdb/tt1637725.mkv,"IMDb popularity rank #207 by vote count; IMDb rating 6.9 from 717,295 votes; IMDb ID tt1637725. Information courtesy of IMDb (https://www.imdb.com). Used with permission."
Spider-Man 3,2007,Sam Raimi,Action / Adventure / Sci-Fi,139,Unknown,false,,/movies/imdb/tt0413300.mkv,"IMDb popularity rank #208 by vote count; IMDb rating 6.3 from 716,795 votes; IMDb ID tt0413300. Information courtesy of IMDb (https://www.imdb.com). Used with permission."
Sherlock Holmes,2009,Guy Ritchie,Action / Adventure / Mystery,128,Unknown,false,,/movies/imdb/tt0988045.mkv,"IMDb popularity rank #209 by vote count; IMDb rating 7.5 from 710,644 votes; IMDb ID tt0988045. Information courtesy of IMDb (https://www.imdb.com). Used with permission."
Harry Potter and the Order of the Phoenix,2007,David Yates,Adventure / Family / Fantasy,138,Unknown,false,,/movies/imdb/tt0373889.mkv,"IMDb popularity rank #210 by vote count; IMDb rating 7.5 from 709,347 votes; IMDb ID tt0373889. Information courtesy of IMDb (https://www.imdb.com). Used with permission."
Tenet,2020,Christopher Nolan,Action / Sci-Fi / Thriller,150,Unknown,false,,/movies/imdb/tt6723592.mkv,"IMDb popularity rank #211 by vote count; IMDb rating 7.3 from 707,933 votes; IMDb ID tt6723592. Information courtesy of IMDb (https://www.imdb.com). Used with permission."
It,2017,Andy Muschietti,Horror,135,Unknown,false,,/movies/imdb/tt1396484.mkv,"IMDb popularity rank #212 by vote count; IMDb rating 7.3 from 707,519 votes; IMDb ID tt1396484. Information courtesy of IMDb (https://www.imdb.com). Used with permission."
Prometheus,2012,Ridley Scott,Adventure / Sci-Fi,124,Unknown,false,,/movies/imdb/tt1446714.mkv,"IMDb popularity rank #213 by vote count; IMDb rating 7 from 706,212 votes; IMDb ID tt1446714. Information courtesy of IMDb (https://www.imdb.com). Used with permission."
Life of Pi,2012,Ang Lee,Adventure / Drama / Fantasy,127,Unknown,false,,/movies/imdb/tt0454876.mkv,"IMDb popularity rank #214 by vote count; IMDb rating 7.9 from 704,976 votes; IMDb ID tt0454876. Information courtesy of IMDb (https://www.imdb.com). Used with permission."
Barbie,2023,Greta Gerwig,Adventure / Comedy / Fantasy,114,Unknown,false,,/movies/imdb/tt1517268.mkv,"IMDb popularity rank #215 by vote count; IMDb rating 6.8 from 703,442 votes; IMDb ID tt1517268. Information courtesy of IMDb (https://www.imdb.com). Used with permission."
Birdman or (The Unexpected Virtue of Ignorance),2014,Alejandro G. Iñárritu,Comedy / Drama,119,Unknown,false,,/movies/imdb/tt2562232.mkv,"IMDb popularity rank #216 by vote count; IMDb rating 7.7 from 702,599 votes; IMDb ID tt2562232. Information courtesy of IMDb (https://www.imdb.com). Used with permission."
Superbad,2007,Greg Mottola,Comedy,113,Unknown,false,,/movies/imdb/tt0829482.mkv,"IMDb popularity rank #217 by vote count; IMDb rating 7.6 from 702,312 votes; IMDb ID tt0829482. Information courtesy of IMDb (https://www.imdb.com). Used with permission."
X-Men,2000,Bryan Singer,Action / Adventure / Sci-Fi,104,Unknown,false,,/movies/imdb/tt0120903.mkv,"IMDb popularity rank #218 by vote count; IMDb rating 7.3 from 701,453 votes; IMDb ID tt0120903. Information courtesy of IMDb (https://www.imdb.com). Used with permission."
Green Book,2018,Peter Farrelly,Biography / Comedy / Drama,130,Unknown,false,,/movies/imdb/tt6966692.mkv,"IMDb popularity rank #219 by vote count; IMDb rating 8.2 from 700,928 votes; IMDb ID tt6966692. Information courtesy of IMDb (https://www.imdb.com). Used with permission."
The Notebook,2004,Nick Cassavetes,Drama / Romance,123,Unknown,false,,/movies/imdb/tt0332280.mkv,"IMDb popularity rank #220 by vote count; IMDb rating 7.8 from 700,335 votes; IMDb ID tt0332280. Information courtesy of IMDb (https://www.imdb.com). Used with permission."
Rocky,1976,John G. Avildsen,Drama / Sport,120,Unknown,false,,/movies/imdb/tt0075148.mkv,"IMDb popularity rank #221 by vote count; IMDb rating 8.1 from 699,842 votes; IMDb ID tt0075148. Information courtesy of IMDb (https://www.imdb.com). Used with permission."
Into the Wild,2007,Sean Penn,Adventure / Biography / Drama,148,Unknown,false,,/movies/imdb/tt0758758.mkv,"IMDb popularity rank #222 by vote count; IMDb rating 8 from 698,893 votes; IMDb ID tt0758758. Information courtesy of IMDb (https://www.imdb.com). Used with permission."
Cast Away,2000,Robert Zemeckis,Adventure / Drama / Romance,143,Unknown,false,,/movies/imdb/tt0162222.mkv,"IMDb popularity rank #223 by vote count; IMDb rating 7.8 from 695,276 votes; IMDb ID tt0162222. Information courtesy of IMDb (https://www.imdb.com). Used with permission."
Hacksaw Ridge,2016,Mel Gibson,Biography / Drama / History,139,Unknown,false,,/movies/imdb/tt2119532.mkv,"IMDb popularity rank #224 by vote count; IMDb rating 8.1 from 694,422 votes; IMDb ID tt2119532. Information courtesy of IMDb (https://www.imdb.com). Used with permission."
Baby Driver,2017,Edgar Wright,Action / Crime / Drama,113,Unknown,false,,/movies/imdb/tt3890160.mkv,"IMDb popularity rank #225 by vote count; IMDb rating 7.5 from 693,273 votes; IMDb ID tt3890160. Information courtesy of IMDb (https://www.imdb.com). Used with permission."
The Bourne Ultimatum,2007,Paul Greengrass,Action / Mystery / Thriller,115,Unknown,false,,/movies/imdb/tt0440963.mkv,"IMDb popularity rank #226 by vote count; IMDb rating 8 from 687,967 votes; IMDb ID tt0440963. Information courtesy of IMDb (https://www.imdb.com). Used with permission."
Zodiac,2007,David Fincher,Crime / Drama / Mystery,157,Unknown,false,,/movies/imdb/tt0443706.mkv,"IMDb popularity rank #227 by vote count; IMDb rating 7.7 from 686,082 votes; IMDb ID tt0443706. Information courtesy of IMDb (https://www.imdb.com). Used with permission."
12 Monkeys,1995,Terry Gilliam,Mystery / Sci-Fi / Thriller,129,Unknown,false,,/movies/imdb/tt0114746.mkv,"IMDb popularity rank #228 by vote count; IMDb rating 8 from 683,496 votes; IMDb ID tt0114746. Information courtesy of IMDb (https://www.imdb.com). Used with permission."
Toy Story 2,1999,John Lasseter / Ash Brannon / Lee Unkrich,Adventure / Animation / Comedy,92,Unknown,false,,/movies/imdb/tt0120363.mkv,"IMDb popularity rank #229 by vote count; IMDb rating 7.9 from 682,487 votes; IMDb ID tt0120363. Information courtesy of IMDb (https://www.imdb.com). Used with permission."
Ocean's Eleven,2001,Steven Soderbergh,Crime / Thriller,116,Unknown,false,,/movies/imdb/tt0240772.mkv,"IMDb popularity rank #230 by vote count; IMDb rating 7.7 from 681,325 votes; IMDb ID tt0240772. Information courtesy of IMDb (https://www.imdb.com). Used with permission."
Nightcrawler,2014,Dan Gilroy,Crime / Drama / Thriller,117,Unknown,false,,/movies/imdb/tt2872718.mkv,"IMDb popularity rank #231 by vote count; IMDb rating 7.8 from 679,275 votes; IMDb ID tt2872718. Information courtesy of IMDb (https://www.imdb.com). Used with permission."
Don't Look Up,2021,Adam McKay,Comedy / Drama / Sci-Fi,138,Unknown,false,,/movies/imdb/tt11286314.mkv,"IMDb popularity rank #232 by vote count; IMDb rating 7.1 from 679,240 votes; IMDb ID tt11286314. Information courtesy of IMDb (https://www.imdb.com). Used with permission."
Taken,2008,Pierre Morel,Action / Crime / Thriller,90,Unknown,false,,/movies/imdb/tt0936501.mkv,"IMDb popularity rank #233 by vote count; IMDb rating 7.7 from 677,442 votes; IMDb ID tt0936501. Information courtesy of IMDb (https://www.imdb.com). Used with permission."
The Matrix Reloaded,2003,Lana Wachowski / Lilly Wachowski,Action / Sci-Fi,138,Unknown,false,,/movies/imdb/tt0234215.mkv,"IMDb popularity rank #234 by vote count; IMDb rating 7.2 from 675,678 votes; IMDb ID tt0234215. Information courtesy of IMDb (https://www.imdb.com). Used with permission."
Zombieland,2009,Ruben Fleischer,Action / Comedy / Horror,88,Unknown,false,,/movies/imdb/tt1156398.mkv,"IMDb popularity rank #235 by vote count; IMDb rating 7.5 from 673,234 votes; IMDb ID tt1156398. Information courtesy of IMDb (https://www.imdb.com). Used with permission."
Harry Potter and the Deathly Hallows: Part 1,2010,David Yates,Adventure / Family / Fantasy,146,Unknown,false,,/movies/imdb/tt0926084.mkv,"IMDb popularity rank #236 by vote count; IMDb rating 7.7 from 673,049 votes; IMDb ID tt0926084. Information courtesy of IMDb (https://www.imdb.com). Used with permission."
Argo,2012,Ben Affleck,Biography / Drama / History,120,Unknown,false,,/movies/imdb/tt1024648.mkv,"IMDb popularity rank #237 by vote count; IMDb rating 7.7 from 671,968 votes; IMDb ID tt1024648. Information courtesy of IMDb (https://www.imdb.com). Used with permission."
Spider-Man: Far from Home,2019,Jon Watts,Action / Adventure / Comedy,129,Unknown,false,,/movies/imdb/tt6320628.mkv,"IMDb popularity rank #238 by vote count; IMDb rating 7.3 from 671,150 votes; IMDb ID tt6320628. Information courtesy of IMDb (https://www.imdb.com). Used with permission."
Captain Marvel,2019,Anna Boden / Ryan Fleck,Action / Adventure / Sci-Fi,123,Unknown,false,,/movies/imdb/tt4154664.mkv,"IMDb popularity rank #239 by vote count; IMDb rating 6.7 from 670,473 votes; IMDb ID tt4154664. Information courtesy of IMDb (https://www.imdb.com). Used with permission."
Men in Black,1997,Barry Sonnenfeld,Action / Adventure / Comedy,98,Unknown,false,,/movies/imdb/tt0119654.mkv,"IMDb popularity rank #240 by vote count; IMDb rating 7.3 from 670,414 votes; IMDb ID tt0119654. Information courtesy of IMDb (https://www.imdb.com). Used with permission."
Harry Potter and the Half-Blood Prince,2009,David Yates,Adventure / Family / Fantasy,153,Unknown,false,,/movies/imdb/tt0417741.mkv,"IMDb popularity rank #241 by vote count; IMDb rating 7.6 from 668,716 votes; IMDb ID tt0417741. Information courtesy of IMDb (https://www.imdb.com). Used with permission."
A Quiet Place,2018,John Krasinski,Drama / Horror / Sci-Fi,90,Unknown,false,,/movies/imdb/tt6644200.mkv,"IMDb popularity rank #242 by vote count; IMDb rating 7.5 from 667,762 votes; IMDb ID tt6644200. Information courtesy of IMDb (https://www.imdb.com). Used with permission."
Dead Poets Society,1989,Peter Weir,Comedy / Drama,128,Unknown,false,,/movies/imdb/tt0097165.mkv,"IMDb popularity rank #243 by vote count; IMDb rating 8.1 from 666,292 votes; IMDb ID tt0097165. Information courtesy of IMDb (https://www.imdb.com). Used with permission."
L.A. Confidential,1997,Curtis Hanson,Crime / Drama / Mystery,138,Unknown,false,,/movies/imdb/tt0119488.mkv,"IMDb popularity rank #244 by vote count; IMDb rating 8.2 from 662,793 votes; IMDb ID tt0119488. Information courtesy of IMDb (https://www.imdb.com). Used with permission."
Casablanca,1942,Michael Curtiz,Drama / Romance / War,102,Unknown,false,,/movies/imdb/tt0034583.mkv,"IMDb popularity rank #245 by vote count; IMDb rating 8.5 from 659,927 votes; IMDb ID tt0034583. Information courtesy of IMDb (https://www.imdb.com). Used with permission."
Everything Everywhere All at Once,2022,Daniel Kwan / Daniel Scheinert,Action / Adventure / Comedy,139,Unknown,false,,/movies/imdb/tt6710474.mkv,"IMDb popularity rank #246 by vote count; IMDb rating 7.7 from 659,571 votes; IMDb ID tt6710474. Information courtesy of IMDb (https://www.imdb.com). Used with permission."
21 Jump Street,2012,Phil Lord / Christopher Miller,Action / Comedy / Crime,109,Unknown,false,,/movies/imdb/tt1232829.mkv,"IMDb popularity rank #247 by vote count; IMDb rating 7.2 from 654,014 votes; IMDb ID tt1232829. Information courtesy of IMDb (https://www.imdb.com). Used with permission."
Independence Day,1996,Roland Emmerich,Action / Adventure / Sci-Fi,145,Unknown,false,,/movies/imdb/tt0116629.mkv,"IMDb popularity rank #248 by vote count; IMDb rating 7 from 653,946 votes; IMDb ID tt0116629. Information courtesy of IMDb (https://www.imdb.com). Used with permission."
Limitless,2011,Neil Burger,Sci-Fi / Thriller,105,Unknown,false,,/movies/imdb/tt1219289.mkv,"IMDb popularity rank #249 by vote count; IMDb rating 7.4 from 653,498 votes; IMDb ID tt1219289. Information courtesy of IMDb (https://www.imdb.com). Used with permission."
"Lock, Stock and Two Smoking Barrels",1998,Guy Ritchie,Comedy / Crime,107,Unknown,false,,/movies/imdb/tt0120735.mkv,"IMDb popularity rank #250 by vote count; IMDb rating 8.1 from 653,316 votes; IMDb ID tt0120735. Information courtesy of IMDb (https://www.imdb.com). Used with permission."
Bohemian Rhapsody,2018,Bryan Singer,Biography / Drama / Music,134,Unknown,false,,/movies/imdb/tt1727824.mkv,"IMDb popularity rank #251 by vote count; IMDb rating 7.9 from 653,313 votes; IMDb ID tt1727824. Information courtesy of IMDb (https://www.imdb.com). Used with permission."
The Great Gatsby,2013,Baz Luhrmann,Drama / Romance,143,Unknown,false,,/movies/imdb/tt1343092.mkv,"IMDb popularity rank #252 by vote count; IMDb rating 7.2 from 648,627 votes; IMDb ID tt1343092. Information courtesy of IMDb (https://www.imdb.com). Used with permission."
Zootopia,2016,Byron Howard / Rich Moore / Jared Bush,Action / Adventure / Animation,108,Unknown,false,,/movies/imdb/tt2948356.mkv,"IMDb popularity rank #253 by vote count; IMDb rating 8 from 647,907 votes; IMDb ID tt2948356. Information courtesy of IMDb (https://www.imdb.com). Used with permission."
Troy,2004,Wolfgang Petersen,Action / Adventure,163,Unknown,false,,/movies/imdb/tt0332452.mkv,"IMDb popularity rank #254 by vote count; IMDb rating 7.3 from 646,129 votes; IMDb ID tt0332452. Information courtesy of IMDb (https://www.imdb.com). Used with permission."
Avatar: The Way of Water,2022,James Cameron,Action / Adventure / Fantasy,192,Unknown,false,,/movies/imdb/tt1630029.mkv,"IMDb popularity rank #255 by vote count; IMDb rating 7.5 from 645,971 votes; IMDb ID tt1630029. Information courtesy of IMDb (https://www.imdb.com). Used with permission."
Ex Machina,2014,Alex Garland,Drama / Sci-Fi / Thriller,108,Unknown,false,,/movies/imdb/tt0470752.mkv,"IMDb popularity rank #256 by vote count; IMDb rating 7.7 from 644,739 votes; IMDb ID tt0470752. Information courtesy of IMDb (https://www.imdb.com). Used with permission."
Shaun of the Dead,2004,Edgar Wright,Comedy / Horror,99,Unknown,false,,/movies/imdb/tt0365748.mkv,"IMDb popularity rank #257 by vote count; IMDb rating 7.8 from 643,884 votes; IMDb ID tt0365748. Information courtesy of IMDb (https://www.imdb.com). Used with permission."
Star Trek,2009,J.J. Abrams,Action / Adventure / Sci-Fi,127,Unknown,false,,/movies/imdb/tt0796366.mkv,"IMDb popularity rank #258 by vote count; IMDb rating 7.9 from 640,760 votes; IMDb ID tt0796366. Information courtesy of IMDb (https://www.imdb.com). Used with permission."
Despicable Me,2010,Pierre Coffin / Chris Renaud,Adventure / Animation / Comedy,95,Unknown,false,,/movies/imdb/tt1323594.mkv,"IMDb popularity rank #259 by vote count; IMDb rating 7.6 from 639,825 votes; IMDb ID tt1323594. Information courtesy of IMDb (https://www.imdb.com). Used with permission."
Looper,2012,Rian Johnson,Action / Drama / Sci-Fi,119,Unknown,false,,/movies/imdb/tt1276104.mkv,"IMDb popularity rank #260 by vote count; IMDb rating 7.4 from 632,033 votes; IMDb ID tt1276104. Information courtesy of IMDb (https://www.imdb.com). Used with permission."
The Conjuring,2013,James Wan,Horror / Mystery / Thriller,112,Unknown,false,,/movies/imdb/tt1457767.mkv,"IMDb popularity rank #261 by vote count; IMDb rating 7.5 from 631,253 votes; IMDb ID tt1457767. Information courtesy of IMDb (https://www.imdb.com). Used with permission."
Blood Diamond,2006,Edward Zwick,Adventure / Drama / Thriller,143,Unknown,false,,/movies/imdb/tt0450259.mkv,"IMDb popularity rank #262 by vote count; IMDb rating 8 from 630,274 votes; IMDb ID tt0450259. Information courtesy of IMDb (https://www.imdb.com). Used with permission."
The Pursuit of Happyness,2006,Gabriele Muccino,Biography / Drama,117,Unknown,false,,/movies/imdb/tt0454921.mkv,"IMDb popularity rank #263 by vote count; IMDb rating 8 from 629,421 votes; IMDb ID tt0454921. Information courtesy of IMDb (https://www.imdb.com). Used with permission."
Split,2016,M. Night Shyamalan,Horror / Thriller,117,Unknown,false,,/movies/imdb/tt4972582.mkv,"IMDb popularity rank #264 by vote count; IMDb rating 7.3 from 629,349 votes; IMDb ID tt4972582. Information courtesy of IMDb (https://www.imdb.com). Used with permission."
Back to the Future Part II,1989,Robert Zemeckis,Adventure / Comedy / Sci-Fi,108,Unknown,false,,/movies/imdb/tt0096874.mkv,"IMDb popularity rank #265 by vote count; IMDb rating 7.8 from 628,138 votes; IMDb ID tt0096874. Information courtesy of IMDb (https://www.imdb.com). Used with permission."
"Crazy, Stupid, Love.",2011,Glenn Ficarra / John Requa,Comedy / Drama / Romance,118,Unknown,false,,/movies/imdb/tt1570728.mkv,"IMDb popularity rank #266 by vote count; IMDb rating 7.4 from 627,805 votes; IMDb ID tt1570728. Information courtesy of IMDb (https://www.imdb.com). Used with permission."
Casino,1995,Martin Scorsese,Crime / Drama,178,Unknown,false,,/movies/imdb/tt0112641.mkv,"IMDb popularity rank #267 by vote count; IMDb rating 8.2 from 626,766 votes; IMDb ID tt0112641. Information courtesy of IMDb (https://www.imdb.com). Used with permission."
Minority Report,2002,Steven Spielberg,Action / Crime / Mystery,145,Unknown,false,,/movies/imdb/tt0181689.mkv,"IMDb popularity rank #268 by vote count; IMDb rating 7.6 from 626,251 votes; IMDb ID tt0181689. Information courtesy of IMDb (https://www.imdb.com). Used with permission."
500 Days of Summer,2009,Marc Webb,Comedy / Drama / Romance,95,Unknown,false,,/movies/imdb/tt1022603.mkv,"IMDb popularity rank #269 by vote count; IMDb rating 7.6 from 626,127 votes; IMDb ID tt1022603. Information courtesy of IMDb (https://www.imdb.com). Used with permission."
The Hobbit: The Battle of the Five Armies,2014,Peter Jackson,Adventure / Fantasy,144,Unknown,false,,/movies/imdb/tt2310332.mkv,"IMDb popularity rank #270 by vote count; IMDb rating 7.4 from 624,271 votes; IMDb ID tt2310332. Information courtesy of IMDb (https://www.imdb.com). Used with permission."
Kick-Ass,2010,Matthew Vaughn,Action / Comedy / Crime,117,Unknown,false,,/movies/imdb/tt1250777.mkv,"IMDb popularity rank #271 by vote count; IMDb rating 7.6 from 624,016 votes; IMDb ID tt1250777. Information courtesy of IMDb (https://www.imdb.com). Used with permission."
"I, Robot",2004,Alex Proyas,Action / Mystery / Sci-Fi,115,Unknown,false,,/movies/imdb/tt0343818.mkv,"IMDb popularity rank #272 by vote count; IMDb rating 7.1 from 620,032 votes; IMDb ID tt0343818. Information courtesy of IMDb (https://www.imdb.com). Used with permission."
The Bourne Identity,2002,Doug Liman,Action / Mystery / Thriller,119,Unknown,false,,/movies/imdb/tt0258463.mkv,"IMDb popularity rank #273 by vote count; IMDb rating 7.8 from 619,467 votes; IMDb ID tt0258463. Information courtesy of IMDb (https://www.imdb.com). Used with permission."
X2: X-Men United,2003,Bryan Singer,Action / Sci-Fi / Thriller,134,Unknown,false,,/movies/imdb/tt0290334.mkv,"IMDb popularity rank #274 by vote count; IMDb rating 7.4 from 617,556 votes; IMDb ID tt0290334. Information courtesy of IMDb (https://www.imdb.com). Used with permission."
Fury,2014,David Ayer,Action / Drama / War,134,Unknown,false,,/movies/imdb/tt2713180.mkv,"IMDb popularity rank #275 by vote count; IMDb rating 7.6 from 617,141 votes; IMDb ID tt2713180. Information courtesy of IMDb (https://www.imdb.com). Used with permission."
Venom,2018,Ruben Fleischer,Action / Adventure / Sci-Fi,112,Unknown,false,,/movies/imdb/tt1270797.mkv,"IMDb popularity rank #276 by vote count; IMDb rating 6.6 from 615,589 votes; IMDb ID tt1270797. Information courtesy of IMDb (https://www.imdb.com). Used with permission."
Watchmen,2009,Zack Snyder,Action / Drama / Mystery,162,Unknown,false,,/movies/imdb/tt0409459.mkv,"IMDb popularity rank #277 by vote count; IMDb rating 7.6 from 615,489 votes; IMDb ID tt0409459. Information courtesy of IMDb (https://www.imdb.com). Used with permission."
"Three Billboards Outside Ebbing, Missouri",2017,Martin McDonagh,Comedy / Crime / Drama,115,Unknown,false,,/movies/imdb/tt5027774.mkv,"IMDb popularity rank #278 by vote count; IMDb rating 8.1 from 614,667 votes; IMDb ID tt5027774. Information courtesy of IMDb (https://www.imdb.com). Used with permission."
Pirates of the Caribbean: On Stranger Tides,2011,Rob Marshall,Action / Adventure / Fantasy,136,Unknown,false,,/movies/imdb/tt1298650.mkv,"IMDb popularity rank #279 by vote count; IMDb rating 6.6 from 613,472 votes; IMDb ID tt1298650. Information courtesy of IMDb (https://www.imdb.com). Used with permission."
Rise of the Planet of the Apes,2011,Rupert Wyatt,Action / Drama / Sci-Fi,105,Unknown,false,,/movies/imdb/tt1318514.mkv,"IMDb popularity rank #280 by vote count; IMDb rating 7.6 from 609,364 votes; IMDb ID tt1318514. Information courtesy of IMDb (https://www.imdb.com). Used with permission."
Monty Python and the Holy Grail,1975,Terry Gilliam / Terry Jones,Adventure / Comedy / Fantasy,91,Unknown,false,,/movies/imdb/tt0071853.mkv,"IMDb popularity rank #281 by vote count; IMDb rating 8.1 from 607,065 votes; IMDb ID tt0071853. Information courtesy of IMDb (https://www.imdb.com). Used with permission."
The Amazing Spider-Man 2,2014,Marc Webb,Action / Adventure / Sci-Fi,142,Unknown,false,,/movies/imdb/tt1872181.mkv,"IMDb popularity rank #282 by vote count; IMDb rating 6.6 from 605,978 votes; IMDb ID tt1872181. Information courtesy of IMDb (https://www.imdb.com). Used with permission."
The Perks of Being a Wallflower,2012,Stephen Chbosky,Drama,103,Unknown,false,,/movies/imdb/tt1659337.mkv,"IMDb popularity rank #283 by vote count; IMDb rating 7.9 from 604,351 votes; IMDb ID tt1659337. Information courtesy of IMDb (https://www.imdb.com). Used with permission."
Mr. & Mrs. Smith,2005,Doug Liman,Action / Comedy / Crime,120,Unknown,false,,/movies/imdb/tt0356910.mkv,"IMDb popularity rank #284 by vote count; IMDb rating 6.5 from 600,974 votes; IMDb ID tt0356910. Information courtesy of IMDb (https://www.imdb.com). Used with permission."
Deadpool & Wolverine,2024,Shawn Levy,Action / Adventure / Comedy,128,Unknown,false,,/movies/imdb/tt6263850.mkv,"IMDb popularity rank #285 by vote count; IMDb rating 7.5 from 590,121 votes; IMDb ID tt6263850. Information courtesy of IMDb (https://www.imdb.com). Used with permission."
Oblivion,2013,Joseph Kosinski,Action / Adventure / Sci-Fi,124,Unknown,false,,/movies/imdb/tt1483013.mkv,"IMDb popularity rank #286 by vote count; IMDb rating 7 from 590,073 votes; IMDb ID tt1483013. Information courtesy of IMDb (https://www.imdb.com). Used with permission."
Kung Fu Panda,2008,Mark Osborne / John Stevenson,Action / Adventure / Animation,92,Unknown,false,,/movies/imdb/tt0441773.mkv,"IMDb popularity rank #287 by vote count; IMDb rating 7.6 from 588,782 votes; IMDb ID tt0441773. Information courtesy of IMDb (https://www.imdb.com). Used with permission."
Rain Man,1988,Barry Levinson,Drama,133,Unknown,false,,/movies/imdb/tt0095953.mkv,"IMDb popularity rank #288 by vote count; IMDb rating 8 from 588,753 votes; IMDb ID tt0095953. Information courtesy of IMDb (https://www.imdb.com). Used with permission."
Source Code,2011,Duncan Jones,Action / Drama / Mystery,93,Unknown,false,,/movies/imdb/tt0945513.mkv,"IMDb popularity rank #289 by vote count; IMDb rating 7.5 from 587,160 votes; IMDb ID tt0945513. Information courtesy of IMDb (https://www.imdb.com). Used with permission."
Lucy,2014,Luc Besson,Action / Sci-Fi / Thriller,89,Unknown,false,,/movies/imdb/tt2872732.mkv,"IMDb popularity rank #290 by vote count; IMDb rating 6.4 from 584,861 votes; IMDb ID tt2872732. Information courtesy of IMDb (https://www.imdb.com). Used with permission."
The Hangover Part II,2011,Todd Phillips,Comedy,102,Unknown,false,,/movies/imdb/tt1411697.mkv,"IMDb popularity rank #291 by vote count; IMDb rating 6.5 from 584,718 votes; IMDb ID tt1411697. Information courtesy of IMDb (https://www.imdb.com). Used with permission."
Ford v Ferrari,2019,James Mangold,Action / Biography / Drama,152,Unknown,false,,/movies/imdb/tt1950186.mkv,"IMDb popularity rank #292 by vote count; IMDb rating 8.1 from 584,383 votes; IMDb ID tt1950186. Information courtesy of IMDb (https://www.imdb.com). Used with permission."
Love Actually,2003,Richard Curtis,Comedy / Drama / Romance,135,Unknown,false,,/movies/imdb/tt0314331.mkv,"IMDb popularity rank #293 by vote count; IMDb rating 7.5 from 583,662 votes; IMDb ID tt0314331. Information courtesy of IMDb (https://www.imdb.com). Used with permission."
The Kashmir Files,2022,Vivek Agnihotri,Drama,170,Unknown,false,,/movies/imdb/tt10811166.mkv,"IMDb popularity rank #294 by vote count; IMDb rating 8.5 from 579,719 votes; IMDb ID tt10811166. Information courtesy of IMDb (https://www.imdb.com). Used with permission."
The Matrix Revolutions,2003,Lana Wachowski / Lilly Wachowski,Action / Sci-Fi,129,Unknown,false,,/movies/imdb/tt0242653.mkv,"IMDb popularity rank #295 by vote count; IMDb rating 6.7 from 579,375 votes; IMDb ID tt0242653. Information courtesy of IMDb (https://www.imdb.com). Used with permission."
X-Men: The Last Stand,2006,Brett Ratner,Action / Adventure / Sci-Fi,104,Unknown,false,,/movies/imdb/tt0376994.mkv,"IMDb popularity rank #296 by vote count; IMDb rating 6.6 from 578,234 votes; IMDb ID tt0376994. Information courtesy of IMDb (https://www.imdb.com). Used with permission."
John Wick: Chapter 2,2017,Chad Stahelski,Action / Crime / Thriller,122,Unknown,false,,/movies/imdb/tt4425200.mkv,"IMDb popularity rank #297 by vote count; IMDb rating 7.4 from 577,532 votes; IMDb ID tt4425200. Information courtesy of IMDb (https://www.imdb.com). Used with permission."
Charlie and the Chocolate Factory,2005,Tim Burton,Adventure / Comedy / Family,115,Unknown,false,,/movies/imdb/tt0367594.mkv,"IMDb popularity rank #298 by vote count; IMDb rating 6.7 from 577,139 votes; IMDb ID tt0367594. Information courtesy of IMDb (https://www.imdb.com). Used with permission."
The Incredible Hulk,2008,Louis Leterrier,Action / Sci-Fi,112,Unknown,false,,/movies/imdb/tt0800080.mkv,"IMDb popularity rank #299 by vote count; IMDb rating 6.6 from 575,262 votes; IMDb ID tt0800080. Information courtesy of IMDb (https://www.imdb.com). Used with permission."
American Sniper,2014,Clint Eastwood,Action / Biography / Drama,133,Unknown,false,,/movies/imdb/tt2179136.mkv,"IMDb popularity rank #300 by vote count; IMDb rating 7.3 from 575,002 votes; IMDb ID tt2179136. Information courtesy of IMDb (https://www.imdb.com). Used with permission."
Juno,2007,Jason Reitman,Comedy / Drama,96,Unknown,false,,/movies/imdb/tt0467406.mkv,"IMDb popularity rank #301 by vote count; IMDb rating 7.4 from 574,892 votes; IMDb ID tt0467406. Information courtesy of IMDb (https://www.imdb.com). Used with permission."
X-Men Origins: Wolverine,2009,Gavin Hood,Action / Sci-Fi,107,Unknown,false,,/movies/imdb/tt0458525.mkv,"IMDb popularity rank #302 by vote count; IMDb rating 6.5 from 573,868 votes; IMDb ID tt0458525. Information courtesy of IMDb (https://www.imdb.com). Used with permission."
Indiana Jones and the Temple of Doom,1984,Steven Spielberg,Action / Adventure,118,Unknown,false,,/movies/imdb/tt0087469.mkv,"IMDb popularity rank #303 by vote count; IMDb rating 7.5 from 572,938 votes; IMDb ID tt0087469. Information courtesy of IMDb (https://www.imdb.com). Used with permission."
Rear Window,1954,Alfred Hitchcock,Drama / Mystery / Thriller,112,Unknown,false,,/movies/imdb/tt0047396.mkv,"IMDb popularity rank #304 by vote count; IMDb rating 8.4 from 572,936 votes; IMDb ID tt0047396. Information courtesy of IMDb (https://www.imdb.com). Used with permission."
Hot Fuzz,2007,Edgar Wright,Action / Comedy / Mystery,121,Unknown,false,,/movies/imdb/tt0425112.mkv,"IMDb popularity rank #305 by vote count; IMDb rating 7.8 from 571,840 votes; IMDb ID tt0425112. Information courtesy of IMDb (https://www.imdb.com). Used with permission."
Ice Age,2002,Chris Wedge / Carlos Saldanha,Adventure / Animation / Comedy,81,Unknown,false,,/movies/imdb/tt0268380.mkv,"IMDb popularity rank #306 by vote count; IMDb rating 7.5 from 571,080 votes; IMDb ID tt0268380. Information courtesy of IMDb (https://www.imdb.com). Used with permission."
The Maze Runner,2014,Wes Ball,Action / Mystery / Sci-Fi,113,Unknown,false,,/movies/imdb/tt1790864.mkv,"IMDb popularity rank #307 by vote count; IMDb rating 6.8 from 570,695 votes; IMDb ID tt1790864. Information courtesy of IMDb (https://www.imdb.com). Used with permission."
Children of Men,2006,Alfonso Cuarón,Drama / Sci-Fi / Thriller,109,Unknown,false,,/movies/imdb/tt0206634.mkv,"IMDb popularity rank #308 by vote count; IMDb rating 7.9 from 570,682 votes; IMDb ID tt0206634. Information courtesy of IMDb (https://www.imdb.com). Used with permission."
The Devil Wears Prada,2006,David Frankel,Comedy / Drama,109,Unknown,false,,/movies/imdb/tt0458352.mkv,"IMDb popularity rank #309 by vote count; IMDb rating 7 from 570,177 votes; IMDb ID tt0458352. Information courtesy of IMDb (https://www.imdb.com). Used with permission."
Edward Scissorhands,1990,Tim Burton,Drama / Fantasy / Romance,105,Unknown,false,,/movies/imdb/tt0099487.mkv,"IMDb popularity rank #310 by vote count; IMDb rating 7.8 from 569,466 votes; IMDb ID tt0099487. Information courtesy of IMDb (https://www.imdb.com). Used with permission."
Mission: Impossible - Ghost Protocol,2011,Brad Bird,Action / Adventure / Thriller,132,Unknown,false,,/movies/imdb/tt1229238.mkv,"IMDb popularity rank #311 by vote count; IMDb rating 7.4 from 568,892 votes; IMDb ID tt1229238. Information courtesy of IMDb (https://www.imdb.com). Used with permission."
Rush,2013,Ron Howard,Biography / Drama / Sport,123,Unknown,false,,/movies/imdb/tt1979320.mkv,"IMDb popularity rank #312 by vote count; IMDb rating 8.1 from 565,539 votes; IMDb ID tt1979320. Information courtesy of IMDb (https://www.imdb.com). Used with permission."
Little Miss Sunshine,2006,Jonathan Dayton / Valerie Faris,Comedy / Drama,101,Unknown,false,,/movies/imdb/tt0449059.mkv,"IMDb popularity rank #313 by vote count; IMDb rating 7.8 from 564,830 votes; IMDb ID tt0449059. Information courtesy of IMDb (https://www.imdb.com). Used with permission."
Pacific Rim,2013,Guillermo del Toro,Action / Adventure / Sci-Fi,131,Unknown,false,,/movies/imdb/tt1663662.mkv,"IMDb popularity rank #314 by vote count; IMDb rating 6.9 from 563,293 votes; IMDb ID tt1663662. Information courtesy of IMDb (https://www.imdb.com). Used with permission."
Shrek 2,2004,Andrew Adamson / Kelly Asbury / Conrad Vernon,Adventure / Animation / Comedy,93,Unknown,false,,/movies/imdb/tt0298148.mkv,"IMDb popularity rank #315 by vote count; IMDb rating 7.4 from 562,309 votes; IMDb ID tt0298148. Information courtesy of IMDb (https://www.imdb.com). Used with permission."
Big Hero 6,2014,Don Hall / Chris Williams,Action / Adventure / Animation,102,Unknown,false,,/movies/imdb/tt2245084.mkv,"IMDb popularity rank #316 by vote count; IMDb rating 7.8 from 560,744 votes; IMDb ID tt2245084. Information courtesy of IMDb (https://www.imdb.com). Used with permission."
Top Gun,1986,Tony Scott,Action / Drama,109,Unknown,false,,/movies/imdb/tt0092099.mkv,"IMDb popularity rank #317 by vote count; IMDb rating 7 from 559,997 votes; IMDb ID tt0092099. Information courtesy of IMDb (https://www.imdb.com). Used with permission."
The Butterfly Effect,2004,Eric Bress / J. Mackye Gruber,Drama / Sci-Fi / Thriller,113,Unknown,false,,/movies/imdb/tt0289879.mkv,"IMDb popularity rank #318 by vote count; IMDb rating 7.6 from 559,787 votes; IMDb ID tt0289879. Information courtesy of IMDb (https://www.imdb.com). Used with permission."
Aquaman,2018,James Wan,Action / Adventure / Fantasy,143,Unknown,false,,/movies/imdb/tt1477834.mkv,"IMDb popularity rank #319 by vote count; IMDb rating 6.8 from 558,979 votes; IMDb ID tt1477834. Information courtesy of IMDb (https://www.imdb.com). Used with permission."
It's a Wonderful Life,1946,Frank Capra,Drama / Family / Fantasy,130,Unknown,false,,/movies/imdb/tt0038650.mkv,"IMDb popularity rank #320 by vote count; IMDb rating 8.6 from 558,316 votes; IMDb ID tt0038650. Information courtesy of IMDb (https://www.imdb.com). Used with permission."
Doctor Strange in the Multiverse of Madness,2022,Sam Raimi,Action / Adventure / Fantasy,126,Unknown,false,,/movies/imdb/tt9419884.mkv,"IMDb popularity rank #321 by vote count; IMDb rating 6.8 from 557,250 votes; IMDb ID tt9419884. Information courtesy of IMDb (https://www.imdb.com). Used with permission."
28 Days Later,2002,Danny Boyle,Drama / Horror / Sci-Fi,113,Unknown,false,,/movies/imdb/tt0289043.mkv,"IMDb popularity rank #322 by vote count; IMDb rating 7.5 from 554,526 votes; IMDb ID tt0289043. Information courtesy of IMDb (https://www.imdb.com). Used with permission."
Dr. Strangelove or: How I Learned to Stop Worrying and Love the Bomb,1964,Stanley Kubrick,Comedy / War,95,Unknown,false,,/movies/imdb/tt0057012.mkv,"IMDb popularity rank #323 by vote count; IMDb rating 8.3 from 553,750 votes; IMDb ID tt0057012. Information courtesy of IMDb (https://www.imdb.com). Used with permission."
Tangled,2010,Nathan Greno / Byron Howard,Adventure / Animation / Comedy,100,Unknown,false,,/movies/imdb/tt0398286.mkv,"IMDb popularity rank #324 by vote count; IMDb rating 7.7 from 552,757 votes; IMDb ID tt0398286. Information courtesy of IMDb (https://www.imdb.com). Used with permission."
The Hunger Games: Mockingjay - Part 1,2014,Francis Lawrence,Action / Adventure / Sci-Fi,123,Unknown,false,,/movies/imdb/tt1951265.mkv,"IMDb popularity rank #325 by vote count; IMDb rating 6.6 from 552,530 votes; IMDb ID tt1951265. Information courtesy of IMDb (https://www.imdb.com). Used with permission."
Dallas Buyers Club,2013,Jean-Marc Vallée,Biography / Drama,117,Unknown,false,,/movies/imdb/tt0790636.mkv,"IMDb popularity rank #326 by vote count; IMDb rating 7.9 from 551,942 votes; IMDb ID tt0790636. Information courtesy of IMDb (https://www.imdb.com). Used with permission."
The Fifth Element,1997,Luc Besson,Action / Adventure / Sci-Fi,126,Unknown,false,,/movies/imdb/tt0119116.mkv,"IMDb popularity rank #327 by vote count; IMDb rating 7.6 from 550,645 votes; IMDb ID tt0119116. Information courtesy of IMDb (https://www.imdb.com). Used with permission."
Ready Player One,2018,Steven Spielberg,Action / Adventure / Sci-Fi,140,Unknown,false,,/movies/imdb/tt1677720.mkv,"IMDb popularity rank #328 by vote count; IMDb rating 7.4 from 549,836 votes; IMDb ID tt1677720. Information courtesy of IMDb (https://www.imdb.com). Used with permission."
Star Wars: Episode IX - The Rise of Skywalker,2019,J.J. Abrams,Action / Adventure / Fantasy,141,Unknown,false,,/movies/imdb/tt2527338.mkv,"IMDb popularity rank #329 by vote count; IMDb rating 6.3 from 549,758 votes; IMDb ID tt2527338. Information courtesy of IMDb (https://www.imdb.com). Used with permission."
Spider-Man: Across the Spider-Verse,2023,Joaquim Dos Santos / Kemp Powers / Justin K. Thompson,Action / Adventure / Animation,140,Unknown,false,,/movies/imdb/tt9362722.mkv,"IMDb popularity rank #330 by vote count; IMDb rating 8.5 from 548,783 votes; IMDb ID tt9362722. Information courtesy of IMDb (https://www.imdb.com). Used with permission."
Sicario,2015,Denis Villeneuve,Action / Crime / Drama,121,Unknown,false,,/movies/imdb/tt3397884.mkv,"IMDb popularity rank #331 by vote count; IMDb rating 7.7 from 547,736 votes; IMDb ID tt3397884. Information courtesy of IMDb (https://www.imdb.com). Used with permission."
Cars,2006,John Lasseter / Joe Ranft,Adventure / Animation / Comedy,116,Unknown,false,,/movies/imdb/tt0317219.mkv,"IMDb popularity rank #332 by vote count; IMDb rating 7.3 from 546,638 votes; IMDb ID tt0317219. Information courtesy of IMDb (https://www.imdb.com). Used with permission."
The Big Short,2015,Adam McKay,Biography / Comedy / Drama,130,Unknown,false,,/movies/imdb/tt1596363.mkv,"IMDb popularity rank #333 by vote count; IMDb rating 7.8 from 546,463 votes; IMDb ID tt1596363. Information courtesy of IMDb (https://www.imdb.com). Used with permission."
Bullet Train,2022,David Leitch,Action / Comedy / Thriller,127,Unknown,false,,/movies/imdb/tt12593682.mkv,"IMDb popularity rank #334 by vote count; IMDb rating 7.3 from 545,829 votes; IMDb ID tt12593682. Information courtesy of IMDb (https://www.imdb.com). Used with permission."
Fantastic Beasts and Where to Find Them,2016,David Yates,Adventure / Family / Fantasy,132,Unknown,false,,/movies/imdb/tt3183660.mkv,"IMDb popularity rank #335 by vote count; IMDb rating 7.2 from 544,682 votes; IMDb ID tt3183660. Information courtesy of IMDb (https://www.imdb.com). Used with permission."
Hancock,2008,Peter Berg,Action / Comedy / Drama,92,Unknown,false,,/movies/imdb/tt0448157.mkv,"IMDb popularity rank #336 by vote count; IMDb rating 6.4 from 543,109 votes; IMDb ID tt0448157. Information courtesy of IMDb (https://www.imdb.com). Used with permission."
The Terminal,2004,Steven Spielberg,Comedy / Drama / Romance,128,Unknown,false,,/movies/imdb/tt0362227.mkv,"IMDb popularity rank #337 by vote count; IMDb rating 7.4 from 540,897 votes; IMDb ID tt0362227. Information courtesy of IMDb (https://www.imdb.com). Used with permission."
Spotlight,2015,Tom McCarthy,Biography / Crime / Drama,129,Unknown,false,,/movies/imdb/tt1895587.mkv,"IMDb popularity rank #338 by vote count; IMDb rating 8.1 from 539,929 votes; IMDb ID tt1895587. Information courtesy of IMDb (https://www.imdb.com). Used with permission."
Lost in Translation,2003,Sofia Coppola,Comedy / Drama,102,Unknown,false,,/movies/imdb/tt0335266.mkv,"IMDb popularity rank #339 by vote count; IMDb rating 7.7 from 534,046 votes; IMDb ID tt0335266. Information courtesy of IMDb (https://www.imdb.com). Used with permission."
The Thing,1982,John Carpenter,Horror / Mystery / Sci-Fi,109,Unknown,false,,/movies/imdb/tt0084787.mkv,"IMDb popularity rank #340 by vote count; IMDb rating 8.2 from 533,515 votes; IMDb ID tt0084787. Information courtesy of IMDb (https://www.imdb.com). Used with permission."
Twilight,2008,Catherine Hardwicke,Drama / Fantasy / Romance,122,Unknown,false,,/movies/imdb/tt1099212.mkv,"IMDb popularity rank #341 by vote count; IMDb rating 5.4 from 532,929 votes; IMDb ID tt1099212. Information courtesy of IMDb (https://www.imdb.com). Used with permission."
Warrior,2011,Gavin O'Connor,Action / Drama / Sport,140,Unknown,false,,/movies/imdb/tt1291584.mkv,"IMDb popularity rank #342 by vote count; IMDb rating 8.1 from 532,919 votes; IMDb ID tt1291584. Information courtesy of IMDb (https://www.imdb.com). Used with permission."
The Girl with the Dragon Tattoo,2011,David Fincher,Crime / Drama / Mystery,158,Unknown,false,,/movies/imdb/tt1568346.mkv,"IMDb popularity rank #343 by vote count; IMDb rating 7.8 from 532,431 votes; IMDb ID tt1568346. Information courtesy of IMDb (https://www.imdb.com). Used with permission."
The Help,2011,Tate Taylor,Drama,146,Unknown,false,,/movies/imdb/tt1454029.mkv,"IMDb popularity rank #344 by vote count; IMDb rating 8.1 from 532,225 votes; IMDb ID tt1454029. Information courtesy of IMDb (https://www.imdb.com). Used with permission."
Glass Onion,2022,Rian Johnson,Comedy / Crime / Drama,139,Unknown,false,,/movies/imdb/tt11564570.mkv,"IMDb popularity rank #345 by vote count; IMDb rating 7.1 from 531,940 votes; IMDb ID tt11564570. Information courtesy of IMDb (https://www.imdb.com). Used with permission."
Mystic River,2003,Clint Eastwood,Crime / Drama / Mystery,138,Unknown,false,,/movies/imdb/tt0327056.mkv,"IMDb popularity rank #346 by vote count; IMDb rating 7.9 from 529,706 votes; IMDb ID tt0327056. Information courtesy of IMDb (https://www.imdb.com). Used with permission."
We're the Millers,2013,Rawson Marshall Thurber,Comedy / Crime,110,Unknown,false,,/movies/imdb/tt1723121.mkv,"IMDb popularity rank #347 by vote count; IMDb rating 7 from 529,575 votes; IMDb ID tt1723121. Information courtesy of IMDb (https://www.imdb.com). Used with permission."
The Wolverine,2013,James Mangold,Action / Sci-Fi / Thriller,126,Unknown,false,,/movies/imdb/tt1430132.mkv,"IMDb popularity rank #348 by vote count; IMDb rating 6.7 from 528,939 votes; IMDb ID tt1430132. Information courtesy of IMDb (https://www.imdb.com). Used with permission."
Back to the Future Part III,1990,Robert Zemeckis,Adventure / Comedy / Sci-Fi,118,Unknown,false,,/movies/imdb/tt0099088.mkv,"IMDb popularity rank #349 by vote count; IMDb rating 7.5 from 525,409 votes; IMDb ID tt0099088. Information courtesy of IMDb (https://www.imdb.com). Used with permission."
Training Day,2001,Antoine Fuqua,Crime / Drama / Thriller,122,Unknown,false,,/movies/imdb/tt0139654.mkv,"IMDb popularity rank #350 by vote count; IMDb rating 7.8 from 524,007 votes; IMDb ID tt0139654. Information courtesy of IMDb (https://www.imdb.com). Used with permission."
Mission: Impossible,1996,Brian De Palma,Action / Adventure / Thriller,110,Unknown,false,,/movies/imdb/tt0117060.mkv,"IMDb popularity rank #351 by vote count; IMDb rating 7.2 from 522,467 votes; IMDb ID tt0117060. Information courtesy of IMDb (https://www.imdb.com). Used with permission."
Captain Phillips,2013,Paul Greengrass,Action / Biography / Crime,134,Unknown,false,,/movies/imdb/tt1535109.mkv,"IMDb popularity rank #352 by vote count; IMDb rating 7.8 from 522,264 votes; IMDb ID tt1535109. Information courtesy of IMDb (https://www.imdb.com). Used with permission."
Divergent,2014,Neil Burger,Action / Adventure / Drama,139,Unknown,false,,/movies/imdb/tt1840309.mkv,"IMDb popularity rank #353 by vote count; IMDb rating 6.6 from 522,072 votes; IMDb ID tt1840309. Information courtesy of IMDb (https://www.imdb.com). Used with permission."
American Hustle,2013,David O. Russell,Crime / Drama,138,Unknown,false,,/movies/imdb/tt1800241.mkv,"IMDb popularity rank #354 by vote count; IMDb rating 7.2 from 521,445 votes; IMDb ID tt1800241. Information courtesy of IMDb (https://www.imdb.com). Used with permission."
Project Hail Mary,2026,Phil Lord / Christopher Miller,Adventure / Comedy / Drama,156,Unknown,false,,/movies/imdb/tt12042730.mkv,"IMDb popularity rank #355 by vote count; IMDb rating 8.2 from 521,220 votes; IMDb ID tt12042730. Information courtesy of IMDb (https://www.imdb.com). Used with permission."
Howl's Moving Castle,2004,Hayao Miyazaki,Adventure / Animation / Family,119,Unknown,false,,/movies/imdb/tt0347149.mkv,"IMDb popularity rank #356 by vote count; IMDb rating 8.2 from 520,220 votes; IMDb ID tt0347149. Information courtesy of IMDb (https://www.imdb.com). Used with permission."
Sinners,2025,Ryan Coogler,Horror,137,Unknown,false,,/movies/imdb/tt31193180.mkv,"IMDb popularity rank #357 by vote count; IMDb rating 7.5 from 519,451 votes; IMDb ID tt31193180. Information courtesy of IMDb (https://www.imdb.com). Used with permission."
Indiana Jones and the Kingdom of the Crystal Skull,2008,Steven Spielberg,Action / Adventure,122,Unknown,false,,/movies/imdb/tt0367882.mkv,"IMDb popularity rank #358 by vote count; IMDb rating 6.2 from 517,319 votes; IMDb ID tt0367882. Information courtesy of IMDb (https://www.imdb.com). Used with permission."
The Bourne Supremacy,2004,Paul Greengrass,Action / Mystery / Thriller,108,Unknown,false,,/movies/imdb/tt0372183.mkv,"IMDb popularity rank #359 by vote count; IMDb rating 7.7 from 517,272 votes; IMDb ID tt0372183. Information courtesy of IMDb (https://www.imdb.com). Used with permission."
The Day After Tomorrow,2004,Roland Emmerich,Action / Adventure / Sci-Fi,124,Unknown,false,,/movies/imdb/tt0319262.mkv,"IMDb popularity rank #360 by vote count; IMDb rating 6.5 from 516,710 votes; IMDb ID tt0319262. Information courtesy of IMDb (https://www.imdb.com). Used with permission."
Saw,2004,James Wan,Horror / Mystery / Thriller,103,Unknown,false,,/movies/imdb/tt0387564.mkv,"IMDb popularity rank #361 by vote count; IMDb rating 7.6 from 515,939 votes; IMDb ID tt0387564. Information courtesy of IMDb (https://www.imdb.com). Used with permission."
Moneyball,2011,Bennett Miller,Biography / Drama / Sport,133,Unknown,false,,/movies/imdb/tt1210166.mkv,"IMDb popularity rank #362 by vote count; IMDb rating 7.6 from 515,832 votes; IMDb ID tt1210166. Information courtesy of IMDb (https://www.imdb.com). Used with permission."
Dawn of the Planet of the Apes,2014,Matt Reeves,Action / Adventure / Drama,130,Unknown,false,,/movies/imdb/tt2103281.mkv,"IMDb popularity rank #363 by vote count; IMDb rating 7.6 from 514,626 votes; IMDb ID tt2103281. Information courtesy of IMDb (https://www.imdb.com). Used with permission."
The Menu,2022,Mark Mylod,Comedy / Horror / Thriller,107,Unknown,false,,/movies/imdb/tt9764362.mkv,"IMDb popularity rank #364 by vote count; IMDb rating 7.1 from 512,662 votes; IMDb ID tt9764362. Information courtesy of IMDb (https://www.imdb.com). Used with permission."
War of the Worlds,2005,Steven Spielberg,Action / Adventure / Sci-Fi,117,Unknown,false,,/movies/imdb/tt0407304.mkv,"IMDb popularity rank #365 by vote count; IMDb rating 6.6 from 512,414 votes; IMDb ID tt0407304. Information courtesy of IMDb (https://www.imdb.com). Used with permission."
Star Trek Into Darkness,2013,J.J. Abrams,Action / Adventure / Sci-Fi,132,Unknown,false,,/movies/imdb/tt1408101.mkv,"IMDb popularity rank #366 by vote count; IMDb rating 7.7 from 512,187 votes; IMDb ID tt1408101. Information courtesy of IMDb (https://www.imdb.com). Used with permission."
Jumanji: Welcome to the Jungle,2017,Jake Kasdan,Action / Adventure / Comedy,119,Unknown,false,,/movies/imdb/tt2283362.mkv,"IMDb popularity rank #367 by vote count; IMDb rating 6.9 from 510,558 votes; IMDb ID tt2283362. Information courtesy of IMDb (https://www.imdb.com). Used with permission."
The Theory of Everything,2014,James Marsh,Biography / Drama / Romance,123,Unknown,false,,/movies/imdb/tt2980516.mkv,"IMDb popularity rank #368 by vote count; IMDb rating 7.7 from 510,242 votes; IMDb ID tt2980516. Information courtesy of IMDb (https://www.imdb.com). Used with permission."
Gangs of New York,2002,Martin Scorsese,Crime / Drama,167,Unknown,false,,/movies/imdb/tt0217505.mkv,"IMDb popularity rank #369 by vote count; IMDb rating 7.5 from 509,766 votes; IMDb ID tt0217505. Information courtesy of IMDb (https://www.imdb.com). Used with permission."
Justice League,2017,Zack Snyder,Sci-Fi,120,Unknown,false,,/movies/imdb/tt0974015.mkv,"IMDb popularity rank #370 by vote count; IMDb rating 6 from 509,087 votes; IMDb ID tt0974015. Information courtesy of IMDb (https://www.imdb.com). Used with permission."
Beauty and the Beast,1991,Gary Trousdale / Kirk Wise,Animation / Family / Fantasy,84,Unknown,false,,/movies/imdb/tt0101414.mkv,"IMDb popularity rank #371 by vote count; IMDb rating 8 from 508,924 votes; IMDb ID tt0101414. Information courtesy of IMDb (https://www.imdb.com). Used with permission."
The Last Samurai,2003,Edward Zwick,Action / Drama,154,Unknown,false,,/movies/imdb/tt0325710.mkv,"IMDb popularity rank #372 by vote count; IMDb rating 7.8 from 508,856 votes; IMDb ID tt0325710. Information courtesy of IMDb (https://www.imdb.com). Used with permission."
The Mummy,1999,Stephen Sommers,Action / Adventure / Fantasy,124,Unknown,false,,/movies/imdb/tt0120616.mkv,"IMDb popularity rank #373 by vote count; IMDb rating 7.1 from 507,584 votes; IMDb ID tt0120616. Information courtesy of IMDb (https://www.imdb.com). Used with permission."
The 40-Year-Old Virgin,2005,Judd Apatow,Comedy / Romance,116,Unknown,false,,/movies/imdb/tt0405422.mkv,"IMDb popularity rank #374 by vote count; IMDb rating 7.1 from 507,019 votes; IMDb ID tt0405422. Information courtesy of IMDb (https://www.imdb.com). Used with permission."
Predator,1987,John McTiernan,Action / Adventure / Horror,107,Unknown,false,,/movies/imdb/tt0093773.mkv,"IMDb popularity rank #375 by vote count; IMDb rating 7.8 from 505,690 votes; IMDb ID tt0093773. Information courtesy of IMDb (https://www.imdb.com). Used with permission."
Sherlock Holmes: A Game of Shadows,2011,Guy Ritchie,Action / Adventure / Mystery,129,Unknown,false,,/movies/imdb/tt1515091.mkv,"IMDb popularity rank #376 by vote count; IMDb rating 7.4 from 504,953 votes; IMDb ID tt1515091. Information courtesy of IMDb (https://www.imdb.com). Used with permission."
Aladdin,1992,Ron Clements / John Musker,Adventure / Animation / Comedy,90,Unknown,false,,/movies/imdb/tt0103639.mkv,"IMDb popularity rank #377 by vote count; IMDb rating 8 from 504,838 votes; IMDb ID tt0103639. Information courtesy of IMDb (https://www.imdb.com). Used with permission."
Wreck-It Ralph,2012,Rich Moore,Adventure / Animation / Comedy,101,Unknown,false,,/movies/imdb/tt1772341.mkv,"IMDb popularity rank #378 by vote count; IMDb rating 7.7 from 504,605 votes; IMDb ID tt1772341. Information courtesy of IMDb (https://www.imdb.com). Used with permission."
Ant-Man and the Wasp,2018,Peyton Reed,Action / Adventure / Comedy,118,Unknown,false,,/movies/imdb/tt5095030.mkv,"IMDb popularity rank #379 by vote count; IMDb rating 7 from 504,518 votes; IMDb ID tt5095030. Information courtesy of IMDb (https://www.imdb.com). Used with permission."
Passengers,2016,Morten Tyldum,Drama / Romance / Sci-Fi,116,Unknown,false,,/movies/imdb/tt1355644.mkv,"IMDb popularity rank #380 by vote count; IMDb rating 7 from 504,328 votes; IMDb ID tt1355644. Information courtesy of IMDb (https://www.imdb.com). Used with permission."
The Exorcist,1973,William Friedkin,Horror,122,Unknown,false,,/movies/imdb/tt0070047.mkv,"IMDb popularity rank #381 by vote count; IMDb rating 8.1 from 503,613 votes; IMDb ID tt0070047. Information courtesy of IMDb (https://www.imdb.com). Used with permission."
Quantum of Solace,2008,Marc Forster,Action / Adventure / Mystery,106,Unknown,false,,/movies/imdb/tt0830515.mkv,"IMDb popularity rank #382 by vote count; IMDb rating 6.5 from 502,276 votes; IMDb ID tt0830515. Information courtesy of IMDb (https://www.imdb.com). Used with permission."
Spectre,2015,Sam Mendes,Action / Adventure / Thriller,148,Unknown,false,,/movies/imdb/tt2379713.mkv,"IMDb popularity rank #383 by vote count; IMDb rating 6.8 from 500,945 votes; IMDb ID tt2379713. Information courtesy of IMDb (https://www.imdb.com). Used with permission."
Scott Pilgrim vs. the World,2010,Edgar Wright,Action / Comedy / Fantasy,112,Unknown,false,,/movies/imdb/tt0446029.mkv,"IMDb popularity rank #384 by vote count; IMDb rating 7.5 from 500,238 votes; IMDb ID tt0446029. Information courtesy of IMDb (https://www.imdb.com). Used with permission."
Shang-Chi and the Legend of the Ten Rings,2021,Destin Daniel Cretton,Action / Adventure / Fantasy,132,Unknown,false,,/movies/imdb/tt9376612.mkv,"IMDb popularity rank #385 by vote count; IMDb rating 7.3 from 499,331 votes; IMDb ID tt9376612. Information courtesy of IMDb (https://www.imdb.com). Used with permission."
The Hurt Locker,2008,Kathryn Bigelow,Drama / Thriller / War,131,Unknown,false,,/movies/imdb/tt0887912.mkv,"IMDb popularity rank #386 by vote count; IMDb rating 7.5 from 499,281 votes; IMDb ID tt0887912. Information courtesy of IMDb (https://www.imdb.com). Used with permission."
X-Men: Apocalypse,2016,Bryan Singer,Action / Adventure / Sci-Fi,144,Unknown,false,,/movies/imdb/tt3385516.mkv,"IMDb popularity rank #387 by vote count; IMDb rating 6.8 from 497,831 votes; IMDb ID tt3385516. Information courtesy of IMDb (https://www.imdb.com). Used with permission."
In Bruges,2008,Martin McDonagh,Comedy / Crime / Drama,107,Unknown,false,,/movies/imdb/tt0780536.mkv,"IMDb popularity rank #388 by vote count; IMDb rating 7.9 from 497,269 votes; IMDb ID tt0780536. Information courtesy of IMDb (https://www.imdb.com). Used with permission."
Tropic Thunder,2008,Ben Stiller,Action / Comedy / War,107,Unknown,false,,/movies/imdb/tt0942385.mkv,"IMDb popularity rank #389 by vote count; IMDb rating 7.1 from 496,497 votes; IMDb ID tt0942385. Information courtesy of IMDb (https://www.imdb.com). Used with permission."
Free Guy,2021,Shawn Levy,Action / Adventure / Comedy,115,Unknown,false,,/movies/imdb/tt6264654.mkv,"IMDb popularity rank #390 by vote count; IMDb rating 7.1 from 496,157 votes; IMDb ID tt6264654. Information courtesy of IMDb (https://www.imdb.com). Used with permission."
Citizen Kane,1941,Orson Welles,Drama / Mystery,119,Unknown,false,,/movies/imdb/tt0033467.mkv,"IMDb popularity rank #391 by vote count; IMDb rating 8.2 from 496,020 votes; IMDb ID tt0033467. Information courtesy of IMDb (https://www.imdb.com). Used with permission."
Midsommar,2019,Ari Aster,Drama / Horror / Mystery,148,Unknown,false,,/movies/imdb/tt8772262.mkv,"IMDb popularity rank #392 by vote count; IMDb rating 7.1 from 495,662 votes; IMDb ID tt8772262. Information courtesy of IMDb (https://www.imdb.com). Used with permission."
The Cabin in the Woods,2011,Drew Goddard,Horror / Mystery / Thriller,95,Unknown,false,,/movies/imdb/tt1259521.mkv,"IMDb popularity rank #393 by vote count; IMDb rating 7 from 494,851 votes; IMDb ID tt1259521. Information courtesy of IMDb (https://www.imdb.com). Used with permission."
Elysium,2013,Neill Blomkamp,Action / Drama / Sci-Fi,109,Unknown,false,,/movies/imdb/tt1535108.mkv,"IMDb popularity rank #394 by vote count; IMDb rating 6.6 from 494,591 votes; IMDb ID tt1535108. Information courtesy of IMDb (https://www.imdb.com). Used with permission."
Stand by Me,1986,Rob Reiner,Adventure / Drama,89,Unknown,false,,/movies/imdb/tt0092005.mkv,"IMDb popularity rank #395 by vote count; IMDb rating 8.1 from 493,545 votes; IMDb ID tt0092005. Information courtesy of IMDb (https://www.imdb.com). Used with permission."
No Time to Die,2021,Cary Joji Fukunaga,Action / Adventure / Thriller,163,Unknown,false,,/movies/imdb/tt2382320.mkv,"IMDb popularity rank #396 by vote count; IMDb rating 7.3 from 493,433 votes; IMDb ID tt2382320. Information courtesy of IMDb (https://www.imdb.com). Used with permission."
Jojo Rabbit,2019,Taika Waititi,Comedy / Drama / War,108,Unknown,false,,/movies/imdb/tt2584384.mkv,"IMDb popularity rank #397 by vote count; IMDb rating 7.9 from 493,324 votes; IMDb ID tt2584384. Information courtesy of IMDb (https://www.imdb.com). Used with permission."
American Gangster,2007,Ridley Scott,Biography / Crime / Drama,157,Unknown,false,,/movies/imdb/tt0765429.mkv,"IMDb popularity rank #398 by vote count; IMDb rating 7.8 from 492,411 votes; IMDb ID tt0765429. Information courtesy of IMDb (https://www.imdb.com). Used with permission."
Mean Girls,2004,Mark Waters,Comedy,97,Unknown,false,,/movies/imdb/tt0377092.mkv,"IMDb popularity rank #399 by vote count; IMDb rating 7.1 from 491,885 votes; IMDb ID tt0377092. Information courtesy of IMDb (https://www.imdb.com). Used with permission."
Horrible Bosses,2011,Seth Gordon,Comedy / Crime,98,Unknown,false,,/movies/imdb/tt1499658.mkv,"IMDb popularity rank #400 by vote count; IMDb rating 6.9 from 490,942 votes; IMDb ID tt1499658. Information courtesy of IMDb (https://www.imdb.com). Used with permission."
The Princess Bride,1987,Rob Reiner,Adventure / Comedy / Family,98,Unknown,false,,/movies/imdb/tt0093779.mkv,"IMDb popularity rank #401 by vote count; IMDb rating 8 from 490,168 votes; IMDb ID tt0093779. Information courtesy of IMDb (https://www.imdb.com). Used with permission."
Ghostbusters,1984,Ivan Reitman,Action / Comedy / Fantasy,105,Unknown,false,,/movies/imdb/tt0087332.mkv,"IMDb popularity rank #402 by vote count; IMDb rating 7.8 from 489,960 votes; IMDb ID tt0087332. Information courtesy of IMDb (https://www.imdb.com). Used with permission."
The Da Vinci Code,2006,Ron Howard,Mystery / Thriller,149,Unknown,false,,/movies/imdb/tt0382625.mkv,"IMDb popularity rank #403 by vote count; IMDb rating 6.7 from 489,654 votes; IMDb ID tt0382625. Information courtesy of IMDb (https://www.imdb.com). Used with permission."
Princess Mononoke,1997,Hayao Miyazaki,Adventure / Animation / Fantasy,133,Unknown,false,,/movies/imdb/tt0119698.mkv,"IMDb popularity rank #404 by vote count; IMDb rating 8.3 from 489,594 votes; IMDb ID tt0119698. Information courtesy of IMDb (https://www.imdb.com). Used with permission."
3 Idiots,2009,Rajkumar Hirani,Comedy / Drama,170,Unknown,false,,/movies/imdb/tt1187043.mkv,"IMDb popularity rank #405 by vote count; IMDb rating 8.4 from 488,381 votes; IMDb ID tt1187043. Information courtesy of IMDb (https://www.imdb.com). Used with permission."
In Time,2011,Andrew Niccol,Action / Sci-Fi / Thriller,109,Unknown,false,,/movies/imdb/tt1637688.mkv,"IMDb popularity rank #406 by vote count; IMDb rating 6.7 from 487,852 votes; IMDb ID tt1637688. Information courtesy of IMDb (https://www.imdb.com). Used with permission."
Black Widow,2021,Cate Shortland,Action / Adventure / Sci-Fi,134,Unknown,false,,/movies/imdb/tt3480822.mkv,"IMDb popularity rank #407 by vote count; IMDb rating 6.6 from 487,342 votes; IMDb ID tt3480822. Information courtesy of IMDb (https://www.imdb.com). Used with permission."
John Wick: Chapter 3 - Parabellum,2019,Chad Stahelski,Action / Crime / Thriller,130,Unknown,false,,/movies/imdb/tt6146586.mkv,"IMDb popularity rank #408 by vote count; IMDb rating 7.4 from 487,050 votes; IMDb ID tt6146586. Information courtesy of IMDb (https://www.imdb.com). Used with permission."
Madagascar,2005,Eric Darnell / Tom McGrath,Adventure / Animation / Comedy,86,Unknown,false,,/movies/imdb/tt0351283.mkv,"IMDb popularity rank #409 by vote count; IMDb rating 7 from 486,498 votes; IMDb ID tt0351283. Information courtesy of IMDb (https://www.imdb.com). Used with permission."
Guardians of the Galaxy Vol. 3,2023,James Gunn,Action / Adventure / Comedy,150,Unknown,false,,/movies/imdb/tt6791350.mkv,"IMDb popularity rank #410 by vote count; IMDb rating 7.9 from 484,755 votes; IMDb ID tt6791350. Information courtesy of IMDb (https://www.imdb.com). Used with permission."
Brave,2012,Mark Andrews / Brenda Chapman / Steve Purcell,Action / Adventure / Animation,93,Unknown,false,,/movies/imdb/tt1217209.mkv,"IMDb popularity rank #411 by vote count; IMDb rating 7.1 from 484,645 votes; IMDb ID tt1217209. Information courtesy of IMDb (https://www.imdb.com). Used with permission."
Room,2015,Lenny Abrahamson,Drama / Thriller,118,Unknown,false,,/movies/imdb/tt3170832.mkv,"IMDb popularity rank #412 by vote count; IMDb rating 8.1 from 484,021 votes; IMDb ID tt3170832. Information courtesy of IMDb (https://www.imdb.com). Used with permission."
Armageddon,1998,Michael Bay,Action / Adventure / Sci-Fi,151,Unknown,false,,/movies/imdb/tt0120591.mkv,"IMDb popularity rank #413 by vote count; IMDb rating 6.7 from 483,176 votes; IMDb ID tt0120591. Information courtesy of IMDb (https://www.imdb.com). Used with permission."
Borat,2006,Larry Charles,Comedy,84,Unknown,false,,/movies/imdb/tt0443453.mkv,"IMDb popularity rank #414 by vote count; IMDb rating 7.4 from 482,402 votes; IMDb ID tt0443453. Information courtesy of IMDb (https://www.imdb.com). Used with permission."
The Lost World: Jurassic Park,1997,Steven Spielberg,Action / Adventure / Sci-Fi,129,Unknown,false,,/movies/imdb/tt0119567.mkv,"IMDb popularity rank #415 by vote count; IMDb rating 6.6 from 482,292 votes; IMDb ID tt0119567. Information courtesy of IMDb (https://www.imdb.com). Used with permission."
The Shape of Water,2017,Guillermo del Toro,Drama / Fantasy / Romance,123,Unknown,false,,/movies/imdb/tt5580390.mkv,"IMDb popularity rank #416 by vote count; IMDb rating 7.3 from 479,637 votes; IMDb ID tt5580390. Information courtesy of IMDb (https://www.imdb.com). Used with permission."
Big Fish,2003,Tim Burton,Adventure / Drama / Fantasy,125,Unknown,false,,/movies/imdb/tt0319061.mkv,"IMDb popularity rank #417 by vote count; IMDb rating 7.9 from 479,562 votes; IMDb ID tt0319061. Information courtesy of IMDb (https://www.imdb.com). Used with permission."
Zack Snyder's Justice League,2021,Zack Snyder,Adventure / Fantasy / Sci-Fi,242,Unknown,false,,/movies/imdb/tt12361974.mkv,"IMDb popularity rank #418 by vote count; IMDb rating 7.9 from 478,998 votes; IMDb ID tt12361974. Information courtesy of IMDb (https://www.imdb.com). Used with permission."
The Irishman,2019,Martin Scorsese,Biography / Crime / Drama,209,Unknown,false,,/movies/imdb/tt1302006.mkv,"IMDb popularity rank #419 by vote count; IMDb rating 7.8 from 478,461 votes; IMDb ID tt1302006. Information courtesy of IMDb (https://www.imdb.com). Used with permission."
The Breakfast Club,1985,John Hughes,Comedy / Drama,97,Unknown,false,,/movies/imdb/tt0088847.mkv,"IMDb popularity rank #420 by vote count; IMDb rating 7.8 from 476,558 votes; IMDb ID tt0088847. Information courtesy of IMDb (https://www.imdb.com). Used with permission."
The Game,1997,David Fincher,Drama / Mystery / Thriller,129,Unknown,false,,/movies/imdb/tt0119174.mkv,"IMDb popularity rank #421 by vote count; IMDb rating 7.7 from 476,339 votes; IMDb ID tt0119174. Information courtesy of IMDb (https://www.imdb.com). Used with permission."
Platoon,1986,Oliver Stone,Drama / War,120,Unknown,false,,/movies/imdb/tt0091763.mkv,"IMDb popularity rank #422 by vote count; IMDb rating 8 from 476,186 votes; IMDb ID tt0091763. Information courtesy of IMDb (https://www.imdb.com). Used with permission."
The Mask,1994,Chuck Russell,Comedy / Crime / Fantasy,101,Unknown,false,,/movies/imdb/tt0110475.mkv,"IMDb popularity rank #423 by vote count; IMDb rating 7 from 476,067 votes; IMDb ID tt0110475. Information courtesy of IMDb (https://www.imdb.com). Used with permission."
E.T. the Extra-Terrestrial,1982,Steven Spielberg,Adventure / Family / Sci-Fi,115,Unknown,false,,/movies/imdb/tt0083866.mkv,"IMDb popularity rank #424 by vote count; IMDb rating 7.9 from 475,899 votes; IMDb ID tt0083866. Information courtesy of IMDb (https://www.imdb.com). Used with permission."
Bruce Almighty,2003,Tom Shadyac,Comedy / Fantasy,101,Unknown,false,,/movies/imdb/tt0315327.mkv,"IMDb popularity rank #425 by vote count; IMDb rating 6.8 from 474,832 votes; IMDb ID tt0315327. Information courtesy of IMDb (https://www.imdb.com). Used with permission."
King Kong,2005,Peter Jackson,Action / Adventure / Romance,187,Unknown,false,,/movies/imdb/tt0360717.mkv,"IMDb popularity rank #426 by vote count; IMDb rating 7.2 from 473,793 votes; IMDb ID tt0360717. Information courtesy of IMDb (https://www.imdb.com). Used with permission."
Midnight in Paris,2011,Woody Allen,Comedy / Fantasy / Romance,94,Unknown,false,,/movies/imdb/tt1605783.mkv,"IMDb popularity rank #427 by vote count; IMDb rating 7.6 from 473,630 votes; IMDb ID tt1605783. Information courtesy of IMDb (https://www.imdb.com). Used with permission."
Collateral,2004,Michael Mann,Action / Crime / Drama,120,Unknown,false,,/movies/imdb/tt0369339.mkv,"IMDb popularity rank #428 by vote count; IMDb rating 7.5 from 472,915 votes; IMDb ID tt0369339. Information courtesy of IMDb (https://www.imdb.com). Used with permission."
Amadeus,1984,Miloš Forman,Biography / Drama / Music,160,Unknown,false,,/movies/imdb/tt0086879.mkv,"IMDb popularity rank #429 by vote count; IMDb rating 8.4 from 472,444 votes; IMDb ID tt0086879. Information courtesy of IMDb (https://www.imdb.com). Used with permission."
American Pie,1999,Paul Weitz,Comedy,95,Unknown,false,,/movies/imdb/tt0163651.mkv,"IMDb popularity rank #430 by vote count; IMDb rating 7 from 472,333 votes; IMDb ID tt0163651. Information courtesy of IMDb (https://www.imdb.com). Used with permission."
Thor: Love and Thunder,2022,Taika Waititi,Action / Adventure / Comedy,118,Unknown,false,,/movies/imdb/tt10648342.mkv,"IMDb popularity rank #431 by vote count; IMDb rating 6.1 from 472,156 votes; IMDb ID tt10648342. Information courtesy of IMDb (https://www.imdb.com). Used with permission."
Unforgiven,1992,Clint Eastwood,Drama / Western,130,Unknown,false,,/movies/imdb/tt0105695.mkv,"IMDb popularity rank #432 by vote count; IMDb rating 8.2 from 471,991 votes; IMDb ID tt0105695. Information courtesy of IMDb (https://www.imdb.com). Used with permission."
Alice in Wonderland,2010,Tim Burton,Adventure / Family / Fantasy,108,Unknown,false,,/movies/imdb/tt1014759.mkv,"IMDb popularity rank #433 by vote count; IMDb rating 6.4 from 471,870 votes; IMDb ID tt1014759. Information courtesy of IMDb (https://www.imdb.com). Used with permission."
The Wizard of Oz,1939,Victor Fleming / George Cukor / Norman Taurog / Richard Thorpe / King Vidor,Adventure / Family / Fantasy,102,Unknown,false,,/movies/imdb/tt0032138.mkv,"IMDb popularity rank #434 by vote count; IMDb rating 8.1 from 471,842 votes; IMDb ID tt0032138. Information courtesy of IMDb (https://www.imdb.com). Used with permission."
The Equalizer,2014,Antoine Fuqua,Action / Crime / Thriller,132,Unknown,false,,/movies/imdb/tt0455944.mkv,"IMDb popularity rank #435 by vote count; IMDb rating 7.3 from 471,447 votes; IMDb ID tt0455944. Information courtesy of IMDb (https://www.imdb.com). Used with permission."
Unbreakable,2000,M. Night Shyamalan,Drama / Mystery / Sci-Fi,106,Unknown,false,,/movies/imdb/tt0217869.mkv,"IMDb popularity rank #436 by vote count; IMDb rating 7.3 from 470,815 votes; IMDb ID tt0217869. Information courtesy of IMDb (https://www.imdb.com). Used with permission."
Godzilla,2014,Gareth Edwards,Action / Adventure / Sci-Fi,123,Unknown,false,,/movies/imdb/tt0831387.mkv,"IMDb popularity rank #437 by vote count; IMDb rating 6.4 from 467,764 votes; IMDb ID tt0831387. Information courtesy of IMDb (https://www.imdb.com). Used with permission."
Hereditary,2018,Ari Aster,Drama / Horror / Mystery,127,Unknown,false,,/movies/imdb/tt7784604.mkv,"IMDb popularity rank #438 by vote count; IMDb rating 7.3 from 467,534 votes; IMDb ID tt7784604. Information courtesy of IMDb (https://www.imdb.com). Used with permission."
The Fast and the Furious,2001,Rob Cohen,Action / Crime / Thriller,106,Unknown,false,,/movies/imdb/tt0232500.mkv,"IMDb popularity rank #439 by vote count; IMDb rating 6.8 from 464,799 votes; IMDb ID tt0232500. Information courtesy of IMDb (https://www.imdb.com). Used with permission."
Despicable Me 2,2013,Pierre Coffin / Chris Renaud,Adventure / Animation / Comedy,98,Unknown,false,,/movies/imdb/tt1690953.mkv,"IMDb popularity rank #440 by vote count; IMDb rating 7.3 from 464,790 votes; IMDb ID tt1690953. Information courtesy of IMDb (https://www.imdb.com). Used with permission."
The Suicide Squad,2021,James Gunn,Action / Adventure / Comedy,132,Unknown,false,,/movies/imdb/tt6334354.mkv,"IMDb popularity rank #441 by vote count; IMDb rating 7.2 from 464,679 votes; IMDb ID tt6334354. Information courtesy of IMDb (https://www.imdb.com). Used with permission."
The Gentlemen,2019,Guy Ritchie,Action / Comedy / Crime,113,Unknown,false,,/movies/imdb/tt8367814.mkv,"IMDb popularity rank #442 by vote count; IMDb rating 7.8 from 464,059 votes; IMDb ID tt8367814. Information courtesy of IMDb (https://www.imdb.com). Used with permission."
Crash,2004,Paul Haggis,Crime / Drama / Thriller,112,Unknown,false,,/movies/imdb/tt0375679.mkv,"IMDb popularity rank #443 by vote count; IMDb rating 7.7 from 463,967 votes; IMDb ID tt0375679. Information courtesy of IMDb (https://www.imdb.com). Used with permission."
Vertigo,1958,Alfred Hitchcock,Mystery / Romance / Thriller,128,Unknown,false,,/movies/imdb/tt0052357.mkv,"IMDb popularity rank #444 by vote count; IMDb rating 8.2 from 461,992 votes; IMDb ID tt0052357. Information courtesy of IMDb (https://www.imdb.com). Used with permission."
"The Chronicles of Narnia: The Lion, the Witch and the Wardrobe",2005,Andrew Adamson,Adventure / Family / Fantasy,143,Unknown,false,,/movies/imdb/tt0363771.mkv,"IMDb popularity rank #445 by vote count; IMDb rating 6.9 from 461,568 votes; IMDb ID tt0363771. Information courtesy of IMDb (https://www.imdb.com). Used with permission."
Home Alone 2: Lost in New York,1992,Chris Columbus,Adventure / Comedy / Crime,120,Unknown,false,,/movies/imdb/tt0104431.mkv,"IMDb popularity rank #446 by vote count; IMDb rating 6.9 from 460,998 votes; IMDb ID tt0104431. Information courtesy of IMDb (https://www.imdb.com). Used with permission."
The Godfather Part III,1990,Francis Ford Coppola,Crime / Drama,162,Unknown,false,,/movies/imdb/tt0099674.mkv,"IMDb popularity rank #447 by vote count; IMDb rating 7.5 from 459,714 votes; IMDb ID tt0099674. Information courtesy of IMDb (https://www.imdb.com). Used with permission."
Transformers: Dark of the Moon,2011,Michael Bay,Action / Adventure / Comedy,154,Unknown,false,,/movies/imdb/tt1399103.mkv,"IMDb popularity rank #448 by vote count; IMDb rating 6.2 from 459,616 votes; IMDb ID tt1399103. Information courtesy of IMDb (https://www.imdb.com). Used with permission."
10 Things I Hate About You,1999,Gil Junger,Comedy / Drama / Romance,97,Unknown,false,,/movies/imdb/tt0147800.mkv,"IMDb popularity rank #449 by vote count; IMDb rating 7.4 from 459,412 votes; IMDb ID tt0147800. Information courtesy of IMDb (https://www.imdb.com). Used with permission."
The Substance,2024,Coralie Fargeat,Drama / Horror / Sci-Fi,141,Unknown,false,,/movies/imdb/tt17526714.mkv,"IMDb popularity rank #450 by vote count; IMDb rating 7.2 from 459,077 votes; IMDb ID tt17526714. Information courtesy of IMDb (https://www.imdb.com). Used with permission."
Black Hawk Down,2001,Ridley Scott,Action / Drama / History,144,Unknown,false,,/movies/imdb/tt0265086.mkv,"IMDb popularity rank #451 by vote count; IMDb rating 7.7 from 458,691 votes; IMDb ID tt0265086. Information courtesy of IMDb (https://www.imdb.com). Used with permission."
This Is the End,2013,Evan Goldberg / Seth Rogen,Adventure / Comedy / Fantasy,107,Unknown,false,,/movies/imdb/tt1245492.mkv,"IMDb popularity rank #452 by vote count; IMDb rating 6.6 from 458,577 votes; IMDb ID tt1245492. Information courtesy of IMDb (https://www.imdb.com). Used with permission."
Transformers: Revenge of the Fallen,2009,Michael Bay,Action / Adventure / Sci-Fi,149,Unknown,false,,/movies/imdb/tt1055369.mkv,"IMDb popularity rank #453 by vote count; IMDb rating 6 from 457,821 votes; IMDb ID tt1055369. Information courtesy of IMDb (https://www.imdb.com). Used with permission."
Soul,2020,Pete Docter / Kemp Powers,Adventure / Animation / Comedy,100,Unknown,false,,/movies/imdb/tt2948372.mkv,"IMDb popularity rank #454 by vote count; IMDb rating 8 from 456,569 votes; IMDb ID tt2948372. Information courtesy of IMDb (https://www.imdb.com). Used with permission."
The Town,2010,Ben Affleck,Crime / Drama / Thriller,125,Unknown,false,,/movies/imdb/tt0840361.mkv,"IMDb popularity rank #455 by vote count; IMDb rating 7.5 from 452,690 votes; IMDb ID tt0840361. Information courtesy of IMDb (https://www.imdb.com). Used with permission."
A Star Is Born,2018,Bradley Cooper,Drama / Music / Romance,136,Unknown,false,,/movies/imdb/tt1517451.mkv,"IMDb popularity rank #456 by vote count; IMDb rating 7.6 from 452,317 votes; IMDb ID tt1517451. Information courtesy of IMDb (https://www.imdb.com). Used with permission."
Scream,1996,Wes Craven,Horror / Mystery,111,Unknown,false,,/movies/imdb/tt0117571.mkv,"IMDb popularity rank #457 by vote count; IMDb rating 7.4 from 452,173 votes; IMDb ID tt0117571. Information courtesy of IMDb (https://www.imdb.com). Used with permission."
The Devil's Advocate,1997,Taylor Hackford,Drama / Fantasy / Mystery,144,Unknown,false,,/movies/imdb/tt0118971.mkv,"IMDb popularity rank #458 by vote count; IMDb rating 7.5 from 451,027 votes; IMDb ID tt0118971. Information courtesy of IMDb (https://www.imdb.com). Used with permission."
Mission: Impossible - Rogue Nation,2015,Christopher McQuarrie,Action / Adventure / Thriller,131,Unknown,false,,/movies/imdb/tt2381249.mkv,"IMDb popularity rank #459 by vote count; IMDb rating 7.4 from 449,338 votes; IMDb ID tt2381249. Information courtesy of IMDb (https://www.imdb.com). Used with permission."
Moana,2016,Ron Clements / John Musker / Don Hall / Chris Williams,Adventure / Animation / Comedy,107,Unknown,false,,/movies/imdb/tt3521164.mkv,"IMDb popularity rank #460 by vote count; IMDb rating 7.6 from 449,155 votes; IMDb ID tt3521164. Information courtesy of IMDb (https://www.imdb.com). Used with permission."
The Odyssey,2026,Christopher Nolan,Action / Adventure / Fantasy,172,Unknown,false,,/movies/imdb/tt33764258.mkv,"IMDb popularity rank #461 by vote count; IMDb rating 8.5 from 447,720 votes; IMDb ID tt33764258. Information courtesy of IMDb (https://www.imdb.com). Used with permission."
Cloverfield,2008,Matt Reeves,Action / Horror / Sci-Fi,85,Unknown,false,,/movies/imdb/tt1060277.mkv,"IMDb popularity rank #462 by vote count; IMDb rating 7 from 447,180 votes; IMDb ID tt1060277. Information courtesy of IMDb (https://www.imdb.com). Used with permission."
Easy A,2010,Will Gluck,Comedy / Drama / Romance,92,Unknown,false,,/movies/imdb/tt1282140.mkv,"IMDb popularity rank #463 by vote count; IMDb rating 7 from 447,097 votes; IMDb ID tt1282140. Information courtesy of IMDb (https://www.imdb.com). Used with permission."
Dumb and Dumber,1994,Peter Farrelly,Comedy,107,Unknown,false,,/movies/imdb/tt0109686.mkv,"IMDb popularity rank #464 by vote count; IMDb rating 7.3 from 447,011 votes; IMDb ID tt0109686. Information courtesy of IMDb (https://www.imdb.com). Used with permission."
The Lives of Others,2006,Florian Henckel von Donnersmarck,Drama / Mystery / Thriller,137,Unknown,false,,/movies/imdb/tt0405094.mkv,"IMDb popularity rank #465 by vote count; IMDb rating 8.4 from 446,436 votes; IMDb ID tt0405094. Information courtesy of IMDb (https://www.imdb.com). Used with permission."
The Machinist,2004,Brad Anderson,Drama / Thriller,101,Unknown,false,,/movies/imdb/tt0361862.mkv,"IMDb popularity rank #466 by vote count; IMDb rating 7.6 from 445,617 votes; IMDb ID tt0361862. Information courtesy of IMDb (https://www.imdb.com). Used with permission."
22 Jump Street,2014,Phil Lord / Christopher Miller,Action / Comedy / Crime,112,Unknown,false,,/movies/imdb/tt2294449.mkv,"IMDb popularity rank #467 by vote count; IMDb rating 7 from 445,031 votes; IMDb ID tt2294449. Information courtesy of IMDb (https://www.imdb.com). Used with permission."
Furious 7,2015,James Wan,Action / Thriller,137,Unknown,false,,/movies/imdb/tt2820852.mkv,"IMDb popularity rank #468 by vote count; IMDb rating 7.1 from 444,041 votes; IMDb ID tt2820852. Information courtesy of IMDb (https://www.imdb.com). Used with permission."
Fast & Furious 6,2013,Justin Lin,Action / Adventure / Crime,130,Unknown,false,,/movies/imdb/tt1905041.mkv,"IMDb popularity rank #469 by vote count; IMDb rating 7 from 443,754 votes; IMDb ID tt1905041. Information courtesy of IMDb (https://www.imdb.com). Used with permission."
Ocean's Twelve,2004,Steven Soderbergh,Crime / Thriller,125,Unknown,false,,/movies/imdb/tt0349903.mkv,"IMDb popularity rank #470 by vote count; IMDb rating 6.5 from 440,822 votes; IMDb ID tt0349903. Information courtesy of IMDb (https://www.imdb.com). Used with permission."
One Battle After Another,2025,Paul Thomas Anderson,Crime / Thriller,161,Unknown,false,,/movies/imdb/tt30144839.mkv,"IMDb popularity rank #471 by vote count; IMDb rating 7.6 from 440,788 votes; IMDb ID tt30144839. Information courtesy of IMDb (https://www.imdb.com). Used with permission."
About Time,2013,Richard Curtis,Comedy / Drama / Fantasy,123,Unknown,false,,/movies/imdb/tt2194499.mkv,"IMDb popularity rank #472 by vote count; IMDb rating 7.8 from 440,725 votes; IMDb ID tt2194499. Information courtesy of IMDb (https://www.imdb.com). Used with permission."
Terminator 3: Rise of the Machines,2003,Jonathan Mostow,Action / Sci-Fi,109,Unknown,false,,/movies/imdb/tt0181852.mkv,"IMDb popularity rank #473 by vote count; IMDb rating 6.3 from 440,016 votes; IMDb ID tt0181852. Information courtesy of IMDb (https://www.imdb.com). Used with permission."
Superman,2025,James Gunn,Action / Adventure / Sci-Fi,129,Unknown,false,,/movies/imdb/tt5950044.mkv,"IMDb popularity rank #474 by vote count; IMDb rating 7 from 439,503 votes; IMDb ID tt5950044. Information courtesy of IMDb (https://www.imdb.com). Used with permission."
My Neighbor Totoro,1988,Hayao Miyazaki,Adventure / Animation / Comedy,86,Unknown,false,,/movies/imdb/tt0096283.mkv,"IMDb popularity rank #475 by vote count; IMDb rating 8.1 from 438,496 votes; IMDb ID tt0096283. Information courtesy of IMDb (https://www.imdb.com). Used with permission."
Fast Five,2011,Justin Lin,Action / Crime / Thriller,130,Unknown,false,,/movies/imdb/tt1596343.mkv,"IMDb popularity rank #476 by vote count; IMDb rating 7.3 from 437,565 votes; IMDb ID tt1596343. Information courtesy of IMDb (https://www.imdb.com). Used with permission."
Live Free or Die Hard,2007,Len Wiseman,Action / Thriller,128,Unknown,false,,/movies/imdb/tt0337978.mkv,"IMDb popularity rank #477 by vote count; IMDb rating 7.1 from 437,525 votes; IMDb ID tt0337978. Information courtesy of IMDb (https://www.imdb.com). Used with permission."
Eyes Wide Shut,1999,Stanley Kubrick,Drama / Mystery / Thriller,159,Unknown,false,,/movies/imdb/tt0120663.mkv,"IMDb popularity rank #478 by vote count; IMDb rating 7.5 from 436,700 votes; IMDb ID tt0120663. Information courtesy of IMDb (https://www.imdb.com). Used with permission."
Monty Python's Life of Brian,1979,Terry Jones,Comedy,94,Unknown,false,,/movies/imdb/tt0079470.mkv,"IMDb popularity rank #479 by vote count; IMDb rating 8 from 435,555 votes; IMDb ID tt0079470. Information courtesy of IMDb (https://www.imdb.com). Used with permission."
Men in Black II,2002,Barry Sonnenfeld,Action / Adventure / Comedy,88,Unknown,false,,/movies/imdb/tt0120912.mkv,"IMDb popularity rank #480 by vote count; IMDb rating 6.2 from 435,466 votes; IMDb ID tt0120912. Information courtesy of IMDb (https://www.imdb.com). Used with permission."
Batman,1989,Tim Burton,Crime,126,Unknown,false,,/movies/imdb/tt0096895.mkv,"IMDb popularity rank #481 by vote count; IMDb rating 7.5 from 435,277 votes; IMDb ID tt0096895. Information courtesy of IMDb (https://www.imdb.com). Used with permission."
Eternals,2021,Chloé Zhao,Action / Adventure / Fantasy,156,Unknown,false,,/movies/imdb/tt9032400.mkv,"IMDb popularity rank #482 by vote count; IMDb rating 6.2 from 435,074 votes; IMDb ID tt9032400. Information courtesy of IMDb (https://www.imdb.com). Used with permission."
Mulholland Drive,2001,David Lynch,Drama / Mystery / Thriller,147,Unknown,false,,/movies/imdb/tt0166924.mkv,"IMDb popularity rank #483 by vote count; IMDb rating 7.9 from 433,140 votes; IMDb ID tt0166924. Information courtesy of IMDb (https://www.imdb.com). Used with permission."
Die Hard with a Vengeance,1995,John McTiernan,Action / Adventure / Thriller,128,Unknown,false,,/movies/imdb/tt0112864.mkv,"IMDb popularity rank #484 by vote count; IMDb rating 7.6 from 432,840 votes; IMDb ID tt0112864. Information courtesy of IMDb (https://www.imdb.com). Used with permission."
The Others,2001,Alejandro Amenábar,Horror / Mystery / Thriller,104,Unknown,false,,/movies/imdb/tt0230600.mkv,"IMDb popularity rank #485 by vote count; IMDb rating 7.6 from 431,109 votes; IMDb ID tt0230600. Information courtesy of IMDb (https://www.imdb.com). Used with permission."
Wanted,2008,Timur Bekmambetov,Action / Crime / Thriller,110,Unknown,false,,/movies/imdb/tt0493464.mkv,"IMDb popularity rank #486 by vote count; IMDb rating 6.7 from 430,797 votes; IMDb ID tt0493464. Information courtesy of IMDb (https://www.imdb.com). Used with permission."
Face/Off,1997,John Woo,Action / Crime / Sci-Fi,138,Unknown,false,,/movies/imdb/tt0119094.mkv,"IMDb popularity rank #487 by vote count; IMDb rating 7.3 from 430,676 votes; IMDb ID tt0119094. Information courtesy of IMDb (https://www.imdb.com). Used with permission."
Monsters University,2013,Dan Scanlon,Adventure / Animation / Comedy,104,Unknown,false,,/movies/imdb/tt1453405.mkv,"IMDb popularity rank #488 by vote count; IMDb rating 7.2 from 430,180 votes; IMDb ID tt1453405. Information courtesy of IMDb (https://www.imdb.com). Used with permission."
Inside Man,2006,Spike Lee,Crime / Drama / Mystery,129,Unknown,false,,/movies/imdb/tt0454848.mkv,"IMDb popularity rank #489 by vote count; IMDb rating 7.6 from 428,366 votes; IMDb ID tt0454848. Information courtesy of IMDb (https://www.imdb.com). Used with permission."
Mission: Impossible III,2006,J.J. Abrams,Action / Adventure / Thriller,126,Unknown,false,,/movies/imdb/tt0317919.mkv,"IMDb popularity rank #490 by vote count; IMDb rating 6.9 from 428,179 votes; IMDb ID tt0317919. Information courtesy of IMDb (https://www.imdb.com). Used with permission."
Maleficent,2014,Robert Stromberg,Adventure / Drama / Family,97,Unknown,false,,/movies/imdb/tt1587310.mkv,"IMDb popularity rank #491 by vote count; IMDb rating 6.9 from 427,523 votes; IMDb ID tt1587310. Information courtesy of IMDb (https://www.imdb.com). Used with permission."
The Fault in Our Stars,2014,Josh Boone,Drama / Romance,126,Unknown,false,,/movies/imdb/tt2582846.mkv,"IMDb popularity rank #492 by vote count; IMDb rating 7.6 from 427,463 votes; IMDb ID tt2582846. Information courtesy of IMDb (https://www.imdb.com). Used with permission."
127 Hours,2010,Danny Boyle,Biography / Drama,94,Unknown,false,,/movies/imdb/tt1542344.mkv,"IMDb popularity rank #493 by vote count; IMDb rating 7.5 from 427,359 votes; IMDb ID tt1542344. Information courtesy of IMDb (https://www.imdb.com). Used with permission."
Speed,1994,Jan de Bont,Action / Adventure / Thriller,116,Unknown,false,,/movies/imdb/tt0111257.mkv,"IMDb popularity rank #494 by vote count; IMDb rating 7.3 from 426,632 votes; IMDb ID tt0111257. Information courtesy of IMDb (https://www.imdb.com). Used with permission."
Bird Box,2018,Susanne Bier,Horror / Mystery / Sci-Fi,124,Unknown,false,,/movies/imdb/tt2737304.mkv,"IMDb popularity rank #495 by vote count; IMDb rating 6.6 from 426,574 votes; IMDb ID tt2737304. Information courtesy of IMDb (https://www.imdb.com). Used with permission."
2012,2009,Roland Emmerich,Action / Adventure / Sci-Fi,158,Unknown,false,,/movies/imdb/tt1190080.mkv,"IMDb popularity rank #496 by vote count; IMDb rating 5.9 from 425,729 votes; IMDb ID tt1190080. Information courtesy of IMDb (https://www.imdb.com). Used with permission."
Man on Fire,2004,Tony Scott,Action / Crime / Drama,146,Unknown,false,,/movies/imdb/tt0328107.mkv,"IMDb popularity rank #497 by vote count; IMDb rating 7.7 from 425,231 votes; IMDb ID tt0328107. Information courtesy of IMDb (https://www.imdb.com). Used with permission."
Snowpiercer,2013,Bong Joon Ho,Action / Drama / Sci-Fi,126,Unknown,false,,/movies/imdb/tt1706620.mkv,"IMDb popularity rank #498 by vote count; IMDb rating 7.1 from 424,737 votes; IMDb ID tt1706620. Information courtesy of IMDb (https://www.imdb.com). Used with permission."
Mission: Impossible - Fallout,2018,Christopher McQuarrie,Action / Adventure / Thriller,147,Unknown,false,,/movies/imdb/tt4912910.mkv,"IMDb popularity rank #499 by vote count; IMDb rating 7.7 from 423,932 votes; IMDb ID tt4912910. Information courtesy of IMDb (https://www.imdb.com). Used with permission."
The Nice Guys,2016,Shane Black,Action / Comedy / Crime,116,Unknown,false,,/movies/imdb/tt3799694.mkv,"IMDb popularity rank #500 by vote count; IMDb rating 7.4 from 423,324 votes; IMDb ID tt3799694. Information courtesy of IMDb (https://www.imdb.com). Used with permission."
